631879	260	25.586	981	546	36	452	1386	447	1289	3.53e-42	173	5875	3666	30
631879	260	24.792	601	381	22	2882	3452	419	978	2.66e-19	97.4	5875	3666	30
631879	260	26.190	252	158	6	3529	3758	592	837	3.25e-10	67.4	5875	3666	30
631879	5233	28.105	459	280	14	452	895	922	1345	9.87e-26	118	5875	2814	20
631879	5233	27.027	481	249	14	2907	3335	922	1352	2.60e-22	107	5875	2814	20
631879	5233	26.791	321	185	11	3442	3740	1002	1294	3.18e-06	54.3	5875	2814	20
631879	6806	28.294	463	246	19	452	895	310	705	1.48e-22	108	5875	2344	19
631879	6806	32.414	290	161	10	3072	3343	452	724	2.89e-21	103	5875	2344	19
631879	6806	25.971	412	240	16	3359	3751	310	675	3.01e-11	70.9	5875	2344	19
631879	22714	29.710	276	178	8	3074	3339	123	392	5.19e-18	90.1	5875	395	8
631879	22714	27.309	249	154	5	623	854	112	350	8.99e-14	77.0	5875	395	8
631879	24936	26.199	271	171	8	3086	3340	197	454	1.37e-17	89.7	5875	456	8
631879	24936	30.392	204	114	7	696	895	263	442	2.72e-09	63.2	5875	456	8
631879	15455	30.435	322	171	12	3073	3346	149	465	1.40e-17	89.7	5875	465	9
631879	15455	29.747	316	166	11	624	895	144	447	2.92e-06	53.5	5875	465	9
631879	15707	25.275	455	267	15	451	894	499	891	7.33e-17	89.0	5875	1079	12
631879	15707	28.185	259	173	8	3086	3336	647	900	2.71e-12	73.9	5875	1079	12
631879	9724	32.390	318	167	12	1096	1393	166	455	3.23e-16	85.5	5875	468	5
631879	10284	31.776	214	132	4	633	837	2712	2920	1.59e-15	85.1	5875	3179	9
631879	10284	25.172	437	256	14	450	860	1186	1577	3.34e-12	73.9	5875	3179	9
631879	10284	33.654	104	66	1	2422	2525	2287	2387	6.99e-06	53.1	5875	3179	9
631879	11375	30.292	274	170	8	3079	3339	184	449	2.12e-14	79.7	5875	456	10
631879	11375	23.729	354	213	7	520	854	93	408	3.77e-11	69.3	5875	456	10
631889	10284	40.782	1714	848	47	1649	3292	1	1617	0.0	847	4454	3179	67
631889	10284	45.201	573	272	11	119	659	1057	1619	2.50e-91	335	4454	3179	67
631889	10284	36.364	770	431	16	2558	3315	2285	3007	1.35e-89	329	4454	3179	67
631889	10284	33.573	834	462	24	894	1661	810	1617	2.82e-72	272	4454	3179	67
631889	10284	34.534	805	443	25	926	1693	2255	3012	7.56e-63	241	4454	3179	67
631889	10284	39.091	550	304	15	156	690	2481	3014	4.40e-62	238	4454	3179	67
631889	15270	40.309	583	287	16	2731	3293	282	823	2.43e-71	265	4454	1269	45
631889	15270	41.968	498	263	14	172	659	343	824	1.17e-59	228	4454	1269	45
631889	15270	38.095	525	268	18	1166	1662	328	823	1.07e-47	189	4454	1269	45
631889	15270	43.709	151	69	4	2506	2655	172	307	2.94e-20	99.8	4454	1269	45
631889	15270	35.922	206	122	4	911	1115	1012	1208	4.49e-16	86.3	4454	1269	45
631889	15270	32.836	268	129	7	2552	2815	1047	1267	2.35e-14	80.5	4454	1269	45
631889	15270	34.161	161	87	5	896	1055	170	312	8.01e-06	52.4	4454	1269	45
631889	15707	44.153	419	200	11	257	665	513	907	3.21e-65	244	4454	1079	33
631889	15707	37.050	556	285	19	1184	1703	413	939	1.53e-61	233	4454	1079	33
631889	15707	38.391	547	270	18	2791	3312	406	910	1.73e-60	229	4454	1079	33
631889	14436	40.591	372	165	17	1646	2007	11	336	8.32e-42	170	4454	1342	8
631889	260	33.509	379	217	11	298	660	506	865	4.41e-35	149	4454	3666	46
631889	260	30.085	472	290	13	2865	3322	445	890	6.08e-33	142	4454	3666	46
631889	260	28.855	454	295	12	1231	1667	426	868	7.63e-33	142	4454	3666	46
631889	260	28.025	653	393	24	2106	2699	1931	2565	1.31e-27	124	4454	3666	46
631889	260	31.313	198	122	4	896	1082	2357	2551	1.76e-13	77.8	4454	3666	46
631889	6806	33.867	375	223	9	316	680	375	734	6.47e-32	138	4454	2344	44
631889	6806	30.097	412	242	17	1282	1666	324	716	1.18e-20	101	4454	2344	44
631889	6806	27.822	629	332	26	2778	3349	204	767	1.51e-18	94.7	4454	2344	44
631889	6806	30.032	313	198	9	2204	2501	1618	1924	1.12e-12	75.1	4454	2344	44
631889	6806	35.366	164	83	6	897	1055	961	1106	3.63e-08	60.1	4454	2344	44
631889	6806	34.239	184	84	8	2560	2735	1018	1172	2.99e-06	53.9	4454	2344	44
631889	5233	33.245	379	227	8	300	658	980	1352	4.24e-28	126	4454	2814	29
631889	5233	27.731	476	300	15	1179	1619	838	1304	1.30e-22	108	4454	2814	29
631889	5233	27.425	536	333	14	2791	3293	840	1352	4.20e-21	103	4454	2814	29
631889	12183	47.093	172	87	2	500	671	1	168	8.82e-28	124	4454	923	14
631889	12183	37.594	266	124	10	1510	1751	1	248	1.76e-22	106	4454	923	14
631889	12183	34.184	196	119	4	3132	3324	1	189	3.42e-11	69.7	4454	923	14
631889	27553	36.481	233	128	5	923	1150	69	286	6.46e-21	97.4	4454	328	9
631889	27553	36.842	171	97	4	2521	2686	62	226	1.46e-09	62.8	4454	328	9
631889	24936	29.210	291	172	11	1386	1659	173	446	1.06e-11	70.5	4454	456	6
631892	10284	42.237	1681	818	42	150	1764	45	1638	0.0	892	7020	3179	92
631892	10284	46.279	860	377	17	4695	5510	810	1628	1.53e-161	566	7020	3179	92
631892	10284	46.009	852	391	15	3390	4205	810	1628	7.75e-160	561	7020	3179	92
631892	10284	39.599	1197	597	36	5471	6623	1	1115	6.38e-152	535	7020	3179	92
631892	10284	48.639	588	257	10	1770	2319	1036	1616	3.34e-118	424	7020	3179	92
631892	10284	44.029	561	267	7	2371	2900	1084	1628	7.05e-98	357	7020	3179	92
631892	10284	37.580	777	419	19	3446	4205	2285	3012	2.40e-94	345	7020	3179	92
631892	10284	37.242	776	423	18	4751	5510	2285	3012	4.11e-94	345	7020	3179	92
631892	10284	36.795	780	423	18	1011	1772	2285	3012	5.23e-93	341	7020	3179	92
631892	10284	39.234	548	295	13	1811	2344	2484	3007	6.30e-76	285	7020	3179	92
631892	10284	40.000	570	279	17	2365	2900	2472	3012	1.06e-75	284	7020	3179	92
631892	10284	35.231	562	278	25	4166	4705	1	498	5.57e-41	169	7020	3179	92
631892	10284	35.179	560	281	24	2861	3400	1	498	2.39e-40	167	7020	3179	92
631892	10284	34.137	249	140	4	6375	6623	2285	2509	6.76e-15	83.2	7020	3179	92
631892	15270	42.114	577	289	12	4924	5487	282	826	1.56e-77	286	7020	1269	57
631892	15270	43.985	532	254	11	1803	2321	323	823	5.32e-77	284	7020	1269	57
631892	15270	41.913	575	289	12	1184	1745	282	824	2.73e-76	282	7020	1269	57
631892	15270	41.913	575	289	12	3619	4180	282	824	4.59e-76	281	7020	1269	57
631892	15270	41.843	521	272	15	2370	2877	324	826	9.82e-74	274	7020	1269	57
631892	15270	41.361	191	90	6	3360	3543	132	307	1.63e-21	104	7020	1269	57
631892	15270	41.361	191	90	6	4665	4848	132	307	1.63e-21	104	7020	1269	57
631892	15270	43.709	151	69	4	959	1108	172	307	5.90e-20	99.8	7020	1269	57
631892	15270	43.046	151	70	4	6323	6472	172	307	1.33e-19	98.6	7020	1269	57
631892	15270	30.189	477	248	16	3254	3703	849	1267	6.20e-15	83.2	7020	1269	57
631892	15270	30.353	481	242	18	4559	5008	849	1267	7.78e-15	82.8	7020	1269	57
631892	15270	33.209	268	128	7	1005	1268	1047	1267	1.54e-14	81.6	7020	1269	57
631892	15270	32.432	259	124	7	6369	6623	1047	1258	2.65e-12	74.3	7020	1269	57
631892	15707	44.651	430	213	11	2489	2910	527	939	2.21e-76	280	7020	1079	36
631892	15707	40.248	564	280	16	4984	5520	406	939	2.74e-72	267	7020	1079	36
631892	15707	40.987	527	258	14	1819	2322	404	900	2.06e-70	261	7020	1079	36
631892	15707	39.894	564	282	16	3679	4215	406	939	6.14e-70	259	7020	1079	36
631892	15707	40.797	527	259	14	1242	1745	404	900	1.46e-69	258	7020	1079	36
631892	14436	40.599	367	161	18	4166	4519	14	336	7.38e-40	165	7020	1342	20
631892	14436	40.379	369	163	18	2859	3214	12	336	1.04e-39	164	7020	1342	20
631892	14436	40.327	367	162	18	5471	5824	14	336	2.04e-39	163	7020	1342	20
631892	14436	38.245	319	147	15	149	460	61	336	1.09e-27	125	7020	1342	20
631892	260	30.652	460	277	14	1895	2336	445	880	1.03e-31	139	7020	3666	50
631892	260	30.787	445	268	12	3753	4181	445	865	3.79e-31	137	7020	3666	50
631892	260	32.152	395	239	10	1318	1699	445	823	4.52e-31	136	7020	3666	50
631892	260	30.702	456	273	13	5058	5494	445	876	7.34e-31	135	7020	3666	50
631892	260	28.349	642	382	24	5923	6505	1931	2553	8.97e-27	122	7020	3666	50
631892	260	28.349	642	382	24	559	1141	1931	2553	9.35e-27	122	7020	3666	50
631892	260	29.919	371	237	9	2527	2884	516	876	3.98e-26	120	7020	3666	50
631892	260	39.850	133	79	1	3445	3576	2421	2553	6.53e-12	73.6	7020	3666	50
631892	260	39.850	133	79	1	4750	4881	2421	2553	6.53e-12	73.6	7020	3666	50
631892	5233	29.630	540	318	17	1819	2321	838	1352	5.48e-28	126	7020	2814	36
631892	5233	29.554	538	317	17	1242	1742	838	1350	2.39e-27	124	7020	2814	36
631892	5233	29.368	538	318	17	3679	4179	840	1352	4.68e-27	123	7020	2814	36
631892	5233	29.368	538	318	17	4984	5484	840	1352	6.55e-27	122	7020	2814	36
631892	5233	27.397	584	373	15	2327	2874	784	1352	4.50e-25	117	7020	2814	36
631892	6806	32.000	350	220	9	2542	2883	382	721	1.50e-26	121	7020	2344	53
631892	6806	28.881	599	328	22	1781	2332	176	723	4.65e-24	113	7020	2344	53
631892	6806	28.873	568	309	21	4971	5493	204	721	1.00e-22	108	7020	2344	53
631892	6806	29.234	561	300	21	3666	4180	204	713	1.21e-22	108	7020	2344	53
631892	6806	29.055	561	301	21	1231	1745	204	713	7.30e-22	106	7020	2344	53
631892	6806	30.032	313	198	9	657	954	1618	1924	4.28e-12	73.9	7020	2344	53
631892	6806	30.032	313	198	9	6021	6318	1618	1924	6.67e-12	73.2	7020	2344	53
631892	6806	34.807	181	87	8	1013	1188	1018	1172	6.65e-06	53.5	7020	2344	53
631892	6806	34.807	181	87	8	3448	3623	1018	1172	6.65e-06	53.5	7020	2344	53
631892	6806	34.807	181	87	8	4753	4928	1018	1172	6.65e-06	53.5	7020	2344	53
631892	6806	34.807	181	87	8	6377	6552	1018	1172	8.99e-06	53.1	7020	2344	53
631892	12183	37.262	263	149	6	5325	5577	1	257	6.84e-24	112	7020	923	16
631892	12183	36.882	263	150	6	4020	4272	1	257	8.81e-23	108	7020	923	16
631892	12183	36.923	260	148	6	2721	2967	1	257	1.86e-22	107	7020	923	16
631892	12183	45.963	161	82	3	2162	2322	1	156	8.77e-20	98.6	7020	923	16
631892	12183	42.105	190	102	5	1585	1772	1	184	1.31e-19	98.2	7020	923	16
631892	27553	35.000	220	132	4	3360	3574	13	226	3.55e-10	65.5	7020	328	11
631892	27553	35.000	220	132	4	4665	4879	13	226	3.55e-10	65.5	7020	328	11
631892	27553	36.842	171	97	4	974	1139	62	226	3.32e-09	62.4	7020	328	11
631892	27553	36.842	171	97	4	6338	6503	62	226	4.75e-09	62.0	7020	328	11
631892	22824	31.416	226	149	3	4783	5008	122	341	4.54e-10	65.5	7020	343	13
631892	22824	31.416	226	149	3	1043	1268	122	341	5.34e-10	65.1	7020	343	13
631892	22824	31.416	226	149	3	3478	3703	122	341	6.38e-10	64.7	7020	343	13
631892	22824	30.415	217	145	3	6407	6623	122	332	1.12e-07	57.8	7020	343	13
632047	260	28.691	955	568	28	112	998	447	1356	1.02e-74	279	2567	3666	42
632047	260	34.010	197	121	6	1246	1437	2359	2551	1.14e-12	74.3	2567	3666	42
632047	15707	34.247	511	288	13	39	526	415	900	1.80e-56	216	2567	1079	19
632047	6806	34.483	464	259	13	110	551	308	748	1.75e-51	202	2567	2344	28
632047	6806	32.168	286	156	12	1194	1470	904	1160	8.94e-17	87.8	2567	2344	28
632047	5233	28.004	957	552	37	112	983	922	1826	6.52e-45	180	2567	2814	41
632047	5233	33.990	203	104	6	1244	1436	2394	2576	1.11e-11	70.9	2567	2814	41
632047	15270	33.723	513	293	14	33	526	340	824	5.96e-44	176	2567	1269	30
632047	15270	38.922	167	91	4	1271	1437	1021	1176	3.47e-14	79.0	2567	1269	30
632047	15270	31.395	258	131	10	1168	1415	96	317	8.34e-13	74.3	2567	1269	30
632047	10284	32.584	534	324	16	33	552	2493	3004	1.57e-42	172	2567	3179	33
632047	10284	31.169	539	320	14	33	532	1099	1625	8.54e-39	160	2567	3179	33
632047	10284	33.923	339	183	17	1248	1573	816	1126	1.62e-22	106	2567	3179	33
632047	10284	37.989	179	95	6	1264	1437	2246	2413	4.43e-13	75.5	2567	3179	33
632047	22714	28.713	303	182	10	239	527	108	390	1.24e-19	94.0	2567	395	11
632047	27553	38.506	174	96	4	1264	1437	64	226	5.90e-17	84.7	2567	328	7
632047	11375	27.124	306	182	10	239	527	166	447	1.65e-14	78.6	2567	456	11
632047	12183	34.940	166	89	5	370	526	1	156	3.30e-14	79.0	2567	923	6
632054	10284	41.691	1691	850	42	2738	4367	1	1616	0.0	941	4905	3179	73
632054	10284	48.455	1133	499	24	1101	2179	518	1619	0.0	791	4905	3179	73
632054	10284	49.372	557	235	11	2222	2752	1084	1619	1.07e-111	402	4905	3179	73
632054	10284	38.556	817	422	25	1418	2205	2242	3007	8.77e-100	363	4905	3179	73
632054	10284	37.650	834	454	22	3584	4403	2229	3010	1.96e-98	358	4905	3179	73
632054	10284	40.068	584	285	20	2220	2782	2476	3015	5.72e-79	294	4905	3179	73
632054	10284	51.515	330	139	4	593	905	1185	1510	7.61e-71	267	4905	3179	73
632054	10284	47.569	288	131	6	623	905	2602	2874	4.59e-51	202	4905	3179	73
632054	15270	42.518	548	266	16	2217	2755	320	827	1.30e-80	295	4905	1269	48
632054	15270	43.353	519	259	16	1679	2179	323	824	6.01e-74	274	4905	1269	48
632054	15270	41.714	525	273	14	3850	4367	323	821	4.77e-66	249	4905	1269	48
632054	15270	49.590	244	120	3	663	906	475	715	9.25e-42	170	4905	1269	48
632054	15270	34.375	288	144	6	3607	3891	1021	1266	8.03e-24	111	4905	1269	48
632054	15270	43.678	174	71	5	1403	1574	171	319	1.02e-23	111	4905	1269	48
632054	15270	42.308	156	67	3	3584	3738	173	306	2.75e-21	103	4905	1269	48
632054	15270	35.333	300	135	7	1430	1723	1023	1269	2.22e-20	100	4905	1269	48
632054	15707	41.210	529	275	11	2232	2752	400	900	1.65e-74	273	4905	1079	37
632054	15707	41.143	525	263	14	1687	2181	394	902	3.72e-73	269	4905	1079	37
632054	15707	39.736	531	272	10	3862	4372	400	902	3.67e-70	259	4905	1079	37
632054	15707	49.664	298	128	9	614	905	518	799	1.66e-58	223	4905	1079	37
632054	14436	39.005	382	205	13	2737	3111	13	373	1.74e-47	189	4905	1342	8
632054	260	28.360	677	406	21	1101	1727	2035	2682	9.83e-40	164	4905	3666	56
632054	260	28.173	646	377	23	3226	3808	1973	2594	1.81e-38	160	4905	3666	56
632054	260	30.068	439	269	11	2334	2753	446	865	5.64e-36	152	4905	3666	56
632054	260	31.335	367	224	10	1829	2176	504	861	1.61e-32	140	4905	3666	56
632054	260	28.398	493	304	14	3919	4396	432	890	5.77e-31	135	4905	3666	56
632054	260	31.119	286	184	4	631	908	482	762	8.39e-24	112	4905	3666	56
632054	5233	33.158	380	221	9	2394	2749	980	1350	1.54e-30	134	4905	2814	30
632054	5233	33.602	372	219	9	1832	2176	980	1350	1.25e-29	131	4905	2814	30
632054	5233	31.910	398	250	10	4001	4384	980	1370	4.27e-26	119	4905	2814	30
632054	5233	31.939	263	165	6	656	905	980	1241	3.28e-18	93.6	4905	2814	30
632054	5233	31.667	180	97	7	3639	3798	2440	2613	1.68e-06	55.1	4905	2814	30
632054	12183	38.697	261	143	7	2595	2843	1	256	1.66e-29	129	4905	923	12
632054	12183	48.408	157	72	6	2033	2180	1	157	1.07e-23	110	4905	923	12
632054	12183	42.767	159	85	2	4209	4367	1	153	4.77e-16	85.9	4905	923	12
632054	12183	63.636	55	16	2	856	908	1	53	9.63e-07	55.5	4905	923	12
632054	6806	29.310	580	334	21	1665	2199	185	733	1.50e-28	127	4905	2344	59
632054	6806	28.315	558	340	16	2222	2758	201	719	4.31e-28	126	4905	2344	59
632054	6806	27.936	562	327	17	3852	4377	201	720	4.58e-22	106	4905	2344	59
632054	6806	31.546	317	191	11	1089	1391	1611	1915	3.39e-18	93.6	4905	2344	59
632054	6806	29.260	311	199	8	3281	3579	1623	1924	2.11e-14	80.9	4905	2344	59
632054	6806	31.557	244	152	7	672	905	375	613	2.42e-14	80.9	4905	2344	59
632054	6806	32.171	258	130	10	1394	1641	948	1170	1.05e-09	65.5	4905	2344	59
632054	6806	29.339	242	127	9	3585	3817	964	1170	1.29e-08	62.0	4905	2344	59
632054	22824	32.000	250	152	5	3656	3891	95	340	3.48e-20	95.5	4905	343	9
632054	22824	35.169	236	129	7	1498	1723	122	343	6.66e-20	94.7	4905	343	9
632054	27553	36.257	171	101	2	3601	3771	65	227	8.36e-14	75.9	4905	328	7
632054	27553	39.175	194	103	2	1403	1594	46	226	1.63e-13	75.1	4905	328	7
632068	10284	41.837	1666	863	39	2932	4542	1	1615	0.0	892	12937	3179	89
632068	10284	41.837	1666	863	39	1332	2942	1	1615	0.0	889	12937	3179	89
632068	10284	40.347	1673	875	41	4532	6135	1	1619	0.0	863	12937	3179	89
632068	10284	40.129	1398	677	39	6992	8324	1851	3153	0.0	732	12937	3179	89
632068	10284	42.190	1242	598	32	10025	11212	1851	3026	0.0	723	12937	3179	89
632068	10284	39.796	1078	527	25	10384	11398	815	1833	1.60e-149	528	12937	3179	89
632068	10284	41.794	914	421	21	7351	8201	815	1680	8.17e-139	493	12937	3179	89
632068	10284	43.310	725	359	16	11745	12440	1851	2552	1.69e-134	479	12937	3179	89
632068	10284	37.033	829	431	20	2179	2974	2242	3012	1.84e-98	360	12937	3179	89
632068	10284	36.574	823	443	19	3779	4574	2242	3012	4.09e-98	359	12937	3179	89
632068	10284	36.817	823	435	26	5379	6165	2242	3015	5.46e-95	349	12937	3179	89
632068	10284	36.301	865	463	28	8352	9169	796	1619	2.73e-92	340	12937	3179	89
632068	10284	43.934	544	276	8	822	1342	1078	1615	1.88e-91	337	12937	3179	89
632068	10284	34.881	883	473	27	9155	10017	1	801	5.94e-83	309	12937	3179	89
632068	10284	34.729	884	474	28	6121	6984	1	801	1.87e-80	301	12937	3179	89
632068	10284	39.344	549	283	16	8675	9199	2493	3015	5.61e-68	259	12937	3179	89
632068	10284	35.377	571	310	17	828	1374	2477	3012	2.74e-60	234	12937	3179	89
632068	10284	38.369	417	220	9	11321	11737	422	801	1.06e-47	192	12937	3179	89
632068	10284	36.873	339	197	7	12104	12431	815	1147	8.58e-36	153	12937	3179	89
632068	15270	43.327	517	270	10	7630	8136	320	823	8.96e-80	293	12937	1269	45
632068	15270	41.405	541	291	9	4024	4560	321	839	5.57e-77	285	12937	1269	45
632068	15270	41.905	525	280	8	2424	2945	321	823	1.51e-76	283	12937	1269	45
632068	15270	41.333	525	287	11	10663	11180	320	830	1.58e-75	280	12937	1269	45
632068	15270	40.755	530	281	12	5615	6135	319	824	1.46e-74	277	12937	1269	45
632068	15270	36.079	607	340	17	8582	9169	247	824	1.65e-60	233	12937	1269	45
632068	15270	38.241	523	292	13	829	1345	326	823	8.14e-60	230	12937	1269	45
632068	15270	37.709	419	181	14	8295	8702	920	1269	7.69e-35	149	12937	1269	45
632068	15270	32.500	320	152	9	5204	5509	37	306	1.15e-24	115	12937	1269	45
632068	15270	32.500	320	152	9	2004	2309	37	306	1.17e-24	115	12937	1269	45
632068	15270	32.500	320	152	9	3604	3909	37	306	1.17e-24	115	12937	1269	45
632068	15270	35.943	281	136	8	5389	5660	1021	1266	1.19e-20	102	12937	1269	45
632068	15270	34.028	288	141	8	2189	2468	1021	1267	1.03e-17	93.2	12937	1269	45
632068	15270	32.423	293	139	9	3789	4068	1021	1267	2.12e-17	92.0	12937	1269	45
632068	15270	32.157	255	121	9	8291	8529	89	307	5.29e-13	77.8	12937	1269	45
632068	15270	36.585	164	87	6	10382	10544	171	318	7.48e-12	73.9	12937	1269	45
632068	15270	35.976	164	88	6	12102	12264	171	318	8.85e-12	73.6	12937	1269	45
632068	15270	35.976	164	88	6	7349	7511	171	318	3.18e-11	71.6	12937	1269	45
632068	15270	33.125	160	100	3	10408	10565	1022	1176	2.59e-08	62.0	12937	1269	45
632068	15270	48.485	66	33	1	12367	12431	323	388	4.17e-08	61.6	12937	1269	45
632068	15270	32.500	160	101	3	12128	12285	1022	1176	9.68e-08	60.5	12937	1269	45
632068	15270	32.500	160	101	3	7375	7532	1022	1176	1.10e-07	60.1	12937	1269	45
632068	15707	38.611	619	325	21	8611	9199	336	929	3.69e-78	286	12937	1079	28
632068	15707	39.930	571	281	19	4043	4585	405	941	1.82e-72	268	12937	1079	28
632068	15707	40.943	530	257	16	2443	2948	405	902	1.06e-71	266	12937	1079	28
632068	15707	38.283	559	279	17	7754	8286	526	1044	4.10e-71	264	12937	1079	28
632068	15707	39.924	526	269	14	841	1348	406	902	2.69e-70	261	12937	1079	28
632068	15707	41.038	424	221	12	10787	11201	526	929	1.23e-68	256	12937	1079	28
632068	15707	35.579	579	309	14	5616	6165	386	929	1.36e-65	247	12937	1079	28
632068	14436	37.018	389	201	14	9143	9519	1	357	1.53e-41	171	12937	1342	14
632068	14436	36.702	376	195	13	6121	6485	14	357	8.21e-40	166	12937	1342	14
632068	14436	40.571	350	180	15	4532	4868	14	348	3.89e-39	163	12937	1342	14
632068	14436	40.000	355	175	15	1332	1668	14	348	1.53e-38	161	12937	1342	14
632068	14436	39.718	355	176	15	2932	3268	14	348	1.54e-38	161	12937	1342	14
632068	11236	26.763	624	342	23	172	763	82	622	2.11e-38	157	12937	629	5
632068	15492	24.282	766	404	28	43	759	56	694	7.99e-36	150	12937	706	6
632068	6806	30.597	536	299	18	8681	9178	222	722	3.87e-34	147	12937	2344	53
632068	6806	28.986	552	322	16	10662	11175	195	714	3.80e-31	137	12937	2344	53
632068	6806	29.610	564	319	18	2428	2955	201	722	9.33e-31	136	12937	2344	53
632068	6806	29.610	564	319	18	4028	4555	201	722	1.06e-30	136	12937	2344	53
632068	6806	28.315	558	332	17	829	1355	202	722	1.20e-30	136	12937	2344	53
632068	6806	27.257	565	327	17	5621	6144	201	722	3.15e-29	131	12937	2344	53
632068	6806	27.609	594	346	19	7629	8172	195	754	6.65e-29	130	12937	2344	53
632068	6806	29.642	307	197	6	6687	6982	1617	1915	5.76e-22	107	12937	2344	53
632068	6806	28.339	307	200	6	9721	10015	1617	1915	9.56e-20	100	12937	2344	53
632068	6806	28.339	307	200	6	11441	11735	1617	1915	9.56e-20	100	12937	2344	53
632068	6806	33.480	227	126	9	5367	5588	964	1170	1.07e-10	70.1	12937	2344	53
632068	6806	33.632	223	129	8	2167	2387	964	1169	4.49e-10	68.2	12937	2344	53
632068	6806	33.632	223	129	8	3767	3987	964	1169	4.49e-10	68.2	12937	2344	53
632068	6806	27.303	304	198	11	3462	3753	1623	1915	6.61e-09	64.3	12937	2344	53
632068	6806	27.303	304	198	11	1862	2153	1623	1915	7.68e-09	63.9	12937	2344	53
632068	6806	26.974	304	199	11	5062	5353	1623	1915	7.81e-09	63.9	12937	2344	53
632068	6806	30.332	211	119	7	10364	10573	950	1133	1.16e-07	60.1	12937	2344	53
632068	6806	30.332	211	119	7	12084	12293	950	1133	1.81e-07	59.7	12937	2344	53
632068	6806	32.778	180	100	6	8380	8552	964	1129	3.04e-07	58.9	12937	2344	53
632068	6806	29.858	211	120	7	7331	7540	950	1133	4.54e-07	58.2	12937	2344	53
632068	12183	41.473	258	121	10	9015	9252	1	248	3.32e-32	140	12937	923	16
632068	12183	35.455	330	172	10	11019	11343	1	294	9.58e-27	122	12937	923	16
632068	12183	42.157	204	102	5	7982	8177	1	196	4.35e-26	120	12937	923	16
632068	12183	36.434	258	139	8	5976	6218	1	248	5.63e-25	116	12937	923	16
632068	12183	35.926	270	136	6	1187	1435	1	254	1.28e-23	112	12937	923	16
632068	12183	35.926	270	136	6	4387	4635	1	254	3.20e-23	110	12937	923	16
632068	12183	34.866	261	151	5	2787	3035	1	254	8.15e-23	109	12937	923	16
632068	12183	35.185	270	152	11	12484	12742	339	596	1.23e-17	92.4	12937	923	16
632068	5233	31.405	484	286	13	7688	8136	880	1352	2.34e-31	138	12937	2814	26
632068	5233	31.743	482	287	14	10721	11171	880	1350	2.14e-30	135	12937	2814	26
632068	5233	28.137	526	339	15	5636	6134	839	1352	2.51e-27	125	12937	2814	26
632068	5233	29.737	380	235	12	8814	9168	980	1352	2.43e-25	118	12937	2814	26
632068	5233	31.842	380	221	13	2587	2940	980	1347	3.07e-25	118	12937	2814	26
632068	5233	31.842	380	221	13	4187	4540	980	1347	6.69e-25	117	12937	2814	26
632068	5233	29.716	387	223	12	984	1340	980	1347	2.47e-22	108	12937	2814	26
632068	5233	30.804	224	129	8	5363	5570	2394	2607	1.92e-06	56.2	12937	2814	26
632068	5233	31.633	196	109	7	2163	2343	2394	2579	6.36e-06	54.3	12937	2814	26
632068	5233	31.633	196	109	7	3763	3943	2394	2579	6.36e-06	54.3	12937	2814	26
632068	27553	43.841	276	141	6	8354	8622	26	294	2.79e-30	126	12937	328	11
632068	27553	40.376	213	121	5	5364	5570	46	258	1.76e-17	88.6	12937	328	11
632068	27553	41.579	190	106	4	2164	2348	46	235	1.88e-17	88.2	12937	328	11
632068	27553	41.579	190	106	4	3764	3948	46	235	1.88e-17	88.2	12937	328	11
632068	27553	36.765	204	112	5	10377	10569	41	238	1.13e-12	73.9	12937	328	11
632068	27553	36.765	204	112	5	7344	7536	41	238	1.86e-12	73.2	12937	328	11
632068	27553	36.275	204	113	5	12097	12289	41	238	5.02e-12	72.0	12937	328	11
632072	10284	40.979	1696	890	34	17791	19441	1	1630	0.0	978	21166	3179	93
632072	10284	41.468	1717	847	43	7168	8814	1	1629	0.0	955	21166	3179	93
632072	10284	41.924	1715	858	42	2325	3984	1	1632	0.0	947	21166	3179	93
632072	10284	40.625	1696	889	39	11716	13357	1	1632	0.0	944	21166	3179	93
632072	10284	39.894	1692	904	38	10116	11757	1	1629	0.0	943	21166	3179	93
632072	10284	40.717	1702	886	42	16186	17834	1	1632	0.0	934	21166	3179	93
632072	10284	42.099	1715	854	42	5555	7213	1	1632	0.0	931	21166	3179	93
632072	10284	41.866	1715	861	42	3939	5600	1	1632	0.0	922	21166	3179	93
632072	10284	38.804	1706	910	38	14584	16229	1	1632	0.0	920	21166	3179	93
632072	10284	39.216	1785	880	46	634	2366	1	1632	0.0	855	21166	3179	93
632072	10284	39.952	831	448	13	13819	14611	815	1632	8.32e-139	494	21166	3179	93
632072	10284	39.598	846	446	11	9346	10157	815	1629	2.00e-138	493	21166	3179	93
632072	10284	34.583	827	478	18	12547	13353	2229	3012	2.70e-100	367	21166	3179	93
632072	10284	38.618	738	385	23	19572	20276	1715	2417	1.87e-99	364	21166	3179	93
632072	10284	35.561	838	477	21	18638	19453	2229	3025	2.96e-98	360	21166	3179	93
632072	10284	35.006	837	461	24	10950	11756	2229	3012	2.51e-97	357	21166	3179	93
632072	10284	35.583	815	439	23	9371	10156	2255	3012	4.89e-96	353	21166	3179	93
632072	10284	34.915	822	477	19	17029	17830	2229	3012	7.07e-96	352	21166	3179	93
632072	10284	37.221	806	441	22	6421	7209	2255	3012	5.43e-95	350	21166	3179	93
632072	10284	36.725	806	445	22	3192	3980	2255	3012	4.43e-93	343	21166	3179	93
632072	10284	34.188	819	447	20	8034	8816	2255	3017	1.10e-91	338	21166	3179	93
632072	10284	35.030	825	472	23	15424	16225	2229	3012	2.32e-91	337	21166	3179	93
632072	10284	36.927	807	445	24	4805	5596	2255	3012	9.49e-91	335	21166	3179	93
632072	10284	34.810	790	414	20	1610	2362	2287	3012	4.19e-87	323	21166	3179	93
632072	10284	33.178	856	478	22	13807	14627	2217	3013	2.37e-86	321	21166	3179	93
632072	10284	39.502	562	292	12	140	675	1089	1628	2.24e-73	278	21166	3179	93
632072	10284	36.347	542	301	15	153	675	2496	3012	1.31e-56	223	21166	3179	93
632072	10284	34.113	513	287	18	13311	13804	1	481	1.09e-48	196	21166	3179	93
632072	10284	28.099	363	225	8	20080	20437	815	1146	8.21e-15	84.7	21166	3179	93
632072	10284	36.620	142	74	8	14957	15083	1703	1843	1.58e-06	57.0	21166	3179	93
632072	15270	43.619	525	266	13	18897	19413	322	824	7.29e-86	313	21166	1269	48
632072	15270	42.642	530	265	16	17288	17805	322	824	5.18e-82	301	21166	1269	48
632072	15270	42.045	528	265	16	15686	16199	323	823	4.11e-78	289	21166	1269	48
632072	15270	38.226	654	338	21	13966	14598	216	824	4.53e-78	289	21166	1269	48
632072	15270	42.366	524	279	13	6662	7181	319	823	6.83e-76	282	21166	1269	48
632072	15270	40.649	524	285	11	11211	11730	323	824	1.46e-75	281	21166	1269	48
632072	15270	40.918	523	283	13	12808	13325	323	824	5.13e-74	276	21166	1269	48
632072	15270	40.842	546	300	13	3411	3952	297	823	4.76e-73	273	21166	1269	48
632072	15270	41.588	529	279	13	5046	5568	319	823	1.20e-72	272	21166	1269	48
632072	15270	39.434	530	281	16	8275	8788	319	824	1.53e-69	262	21166	1269	48
632072	15270	40.789	532	277	16	1819	2339	320	824	1.63e-69	262	21166	1269	48
632072	15270	39.552	536	284	15	9613	10136	323	830	1.36e-68	259	21166	1269	48
632072	15270	37.765	519	287	15	141	648	331	824	4.39e-51	203	21166	1269	48
632072	15270	39.764	254	127	7	13738	13981	85	322	1.52e-31	139	21166	1269	48
632072	15270	35.439	285	143	6	15447	15728	1021	1267	3.85e-27	124	21166	1269	48
632072	15270	34.146	287	142	7	17052	17331	1021	1267	1.24e-25	119	21166	1269	48
632072	15270	34.146	287	142	7	18661	18940	1021	1267	1.24e-25	119	21166	1269	48
632072	15270	32.394	284	152	6	10973	11253	1021	1267	8.83e-24	114	21166	1269	48
632072	15270	32.394	284	152	6	12570	12850	1021	1267	8.83e-24	114	21166	1269	48
632072	15270	34.354	294	138	8	8034	8321	1023	1267	1.14e-21	107	21166	1269	48
632072	15270	34.354	294	138	8	6421	6708	1023	1267	1.16e-21	106	21166	1269	48
632072	15270	34.014	294	139	8	3192	3479	1023	1267	3.43e-21	105	21166	1269	48
632072	15270	34.014	294	139	8	4805	5092	1023	1267	5.14e-21	104	21166	1269	48
632072	15270	40.854	164	81	5	15422	15584	171	319	5.19e-21	104	21166	1269	48
632072	15270	40.000	175	81	4	4755	4929	156	306	5.59e-21	104	21166	1269	48
632072	15270	40.000	175	81	4	7984	8158	156	306	5.59e-21	104	21166	1269	48
632072	15270	33.333	246	124	10	9259	9496	94	307	6.29e-21	104	21166	1269	48
632072	15270	40.571	175	80	4	6371	6545	156	306	1.91e-20	102	21166	1269	48
632072	15270	39.429	175	82	4	3142	3316	156	306	1.95e-20	102	21166	1269	48
632072	15270	31.058	293	158	5	9365	9655	1017	1267	1.16e-19	100	21166	1269	48
632072	15270	28.814	472	254	15	13677	14123	853	1267	1.26e-19	100	21166	1269	48
632072	15270	39.521	167	85	5	10948	11113	171	322	1.94e-19	99.4	21166	1269	48
632072	15270	39.521	167	85	5	12545	12710	171	322	1.94e-19	99.4	21166	1269	48
632072	15270	38.235	170	77	5	17027	17189	171	319	2.00e-19	99.4	21166	1269	48
632072	15270	38.235	170	77	5	18636	18798	171	319	2.00e-19	99.4	21166	1269	48
632072	15270	38.095	168	80	5	1552	1714	171	319	4.10e-19	98.6	21166	1269	48
632072	15270	33.725	255	126	7	1610	1864	1055	1266	3.49e-17	92.0	21166	1269	48
632072	15707	39.692	519	270	12	18915	19413	405	900	9.64e-77	282	21166	1079	32
632072	15707	36.702	564	304	13	11228	11771	405	935	2.85e-75	278	21166	1079	32
632072	15707	38.616	549	292	14	17306	17833	405	929	4.93e-75	277	21166	1079	32
632072	15707	38.768	552	285	15	1840	2365	405	929	8.17e-75	276	21166	1079	32
632072	15707	38.995	577	292	18	6664	7212	385	929	5.52e-74	274	21166	1079	32
632072	15707	38.740	524	274	12	12825	13327	405	902	1.09e-73	273	21166	1079	32
632072	15707	38.821	577	293	18	3435	3983	385	929	5.83e-73	271	21166	1079	32
632072	15707	36.749	566	309	13	15687	16227	387	928	8.03e-72	267	21166	1079	32
632072	15707	39.147	539	278	14	8277	8788	385	900	3.06e-71	265	21166	1079	32
632072	15707	38.475	577	298	18	5048	5599	385	929	1.24e-69	260	21166	1079	32
632072	15707	41.573	445	235	10	234	675	504	926	6.18e-67	252	21166	1079	32
632072	15707	33.904	584	321	13	9609	10161	382	931	1.05e-66	251	21166	1079	32
632072	15707	36.989	465	227	12	14185	14629	511	929	6.53e-65	246	21166	1079	32
632072	14436	40.489	368	180	15	3938	4295	13	351	8.41e-46	186	21166	1342	18
632072	14436	40.489	368	180	15	5554	5911	13	351	8.41e-46	186	21166	1342	18
632072	14436	40.489	368	180	15	7167	7524	13	351	8.41e-46	186	21166	1342	18
632072	14436	42.210	353	165	16	17788	18128	11	336	1.52e-45	185	21166	1342	18
632072	14436	38.483	356	188	14	13301	13645	6	341	2.25e-42	174	21166	1342	18
632072	14436	37.297	370	197	15	11706	12063	6	352	1.68e-40	168	21166	1342	18
632072	14436	35.028	354	183	15	2322	2654	11	338	2.47e-40	168	21166	1342	18
632072	14436	37.151	358	201	14	14583	14934	13	352	9.87e-38	159	21166	1342	18
632072	14436	35.989	364	197	13	10115	10466	13	352	1.22e-37	159	21166	1342	18
632072	14436	37.255	357	171	16	16183	16518	11	335	4.68e-35	150	21166	1342	18
632072	14436	40.824	267	130	13	633	891	13	259	5.10e-33	144	21166	1342	18
632072	260	27.391	690	427	21	16697	17332	2008	2677	5.68e-40	167	21166	3666	58
632072	260	27.153	685	434	20	18307	18941	2008	2677	2.03e-39	166	21166	3666	58
632072	260	29.501	461	289	9	8369	8811	445	887	6.54e-39	164	21166	3666	58
632072	260	34.656	378	217	12	19051	19414	504	865	1.87e-37	159	21166	3666	58
632072	260	27.168	692	443	15	4449	5097	2008	2681	1.59e-36	156	21166	3666	58
632072	260	27.023	692	444	15	7678	8326	2008	2681	1.64e-36	156	21166	3666	58
632072	260	27.168	692	443	15	6065	6713	2008	2681	1.75e-36	156	21166	3666	58
632072	260	27.155	696	422	22	15093	15729	2008	2677	1.03e-35	154	21166	3666	58
632072	260	26.845	786	489	23	2755	3484	1926	2681	5.14e-35	151	21166	3666	58
632072	260	29.688	448	262	12	1932	2353	456	876	9.86e-35	150	21166	3666	58
632072	260	25.707	778	483	24	12142	12851	1927	2677	2.24e-34	149	21166	3666	58
632072	260	25.707	778	483	24	10545	11254	1927	2677	3.40e-34	148	21166	3666	58
632072	260	31.188	404	243	11	17442	17829	504	888	2.04e-33	146	21166	3666	58
632072	260	33.333	381	220	12	15836	16201	504	865	2.71e-33	145	21166	3666	58
632072	260	32.039	412	244	15	6791	7184	473	866	4.91e-33	145	21166	3666	58
632072	260	26.637	672	425	20	1122	1746	1913	2563	5.80e-33	144	21166	3666	58
632072	260	31.175	417	244	13	5175	5571	473	866	2.00e-32	142	21166	3666	58
632072	260	30.352	369	237	8	12971	13332	516	871	7.14e-32	141	21166	3666	58
632072	260	30.657	411	251	12	3562	3955	473	866	1.28e-31	140	21166	3666	58
632072	260	29.737	380	239	8	14246	14613	516	879	8.41e-30	134	21166	3666	58
632072	260	28.500	400	268	9	11340	11731	476	865	8.84e-30	134	21166	3666	58
632072	260	28.375	363	239	7	9777	10131	516	865	1.23e-26	123	21166	3666	58
632072	260	28.846	364	241	7	292	650	516	866	7.27e-24	114	21166	3666	58
632072	260	29.338	317	203	8	9347	9649	2361	2670	1.76e-18	96.7	21166	3666	58
632072	260	27.900	319	200	9	13820	14117	2361	2670	6.25e-13	78.6	21166	3666	58
632072	6806	29.875	559	317	15	12810	13332	201	720	2.15e-37	159	21166	2344	58
632072	6806	29.562	548	321	15	11213	11730	201	713	4.13e-35	151	21166	2344	58
632072	6806	29.091	550	323	18	18897	19413	198	713	2.31e-33	145	21166	2344	58
632072	6806	27.256	554	324	16	14083	14598	201	713	1.76e-32	142	21166	2344	58
632072	6806	30.963	436	260	12	15780	16203	310	716	8.72e-31	137	21166	2344	58
632072	6806	29.616	547	325	17	17288	17805	198	713	1.69e-30	136	21166	2344	58
632072	6806	26.942	605	359	17	8245	8796	148	722	3.28e-30	135	21166	2344	58
632072	6806	29.638	442	266	12	1924	2349	311	723	7.52e-30	134	21166	2344	58
632072	6806	28.805	611	348	18	6632	7189	148	724	1.75e-27	126	21166	2344	58
632072	6806	29.316	614	344	18	5016	5576	148	724	6.74e-26	121	21166	2344	58
632072	6806	28.805	611	348	19	3403	3960	148	724	9.19e-26	120	21166	2344	58
632072	6806	35.054	368	212	13	301	659	375	724	1.97e-25	119	21166	2344	58
632072	6806	27.356	435	278	10	9704	10130	309	713	3.38e-23	112	21166	2344	58
632072	6806	31.715	309	192	8	4476	4771	1621	1923	5.14e-16	88.6	21166	2344	58
632072	6806	31.715	309	192	8	6092	6387	1621	1923	5.14e-16	88.6	21166	2344	58
632072	6806	31.715	309	192	8	7705	8000	1621	1923	5.41e-16	88.6	21166	2344	58
632072	6806	29.412	306	194	9	1245	1540	1622	1915	1.62e-15	87.0	21166	2344	58
632072	6806	30.645	310	194	9	2862	3158	1622	1923	4.18e-14	82.0	21166	2344	58
632072	6806	29.568	301	193	9	10658	10947	1633	1925	1.04e-13	80.9	21166	2344	58
632072	6806	29.236	301	194	9	12255	12544	1633	1925	5.07e-13	78.6	21166	2344	58
632072	6806	28.296	311	204	9	18336	18635	1623	1925	7.97e-13	77.8	21166	2344	58
632072	6806	27.760	317	210	9	16721	17026	1617	1925	2.31e-12	76.3	21166	2344	58
632072	6806	27.937	315	201	9	15121	15421	1623	1925	2.85e-12	76.3	21166	2344	58
632072	6806	32.174	230	130	8	15425	15651	964	1170	1.99e-10	70.1	21166	2344	58
632072	6806	30.303	231	133	9	10951	11177	964	1170	2.35e-10	69.7	21166	2344	58
632072	6806	30.303	231	133	9	12548	12774	964	1170	2.35e-10	69.7	21166	2344	58
632072	6806	29.565	230	136	8	17030	17256	964	1170	4.09e-10	68.9	21166	2344	58
632072	6806	29.565	230	136	8	18639	18865	964	1170	4.09e-10	68.9	21166	2344	58
632072	6806	27.113	284	175	8	9276	9547	886	1149	6.76e-10	68.2	21166	2344	58
632072	6806	31.760	233	128	9	8010	8237	964	1170	5.00e-09	65.5	21166	2344	58
632072	6806	28.364	275	159	8	13742	14005	885	1132	1.63e-08	63.5	21166	2344	58
632072	6806	30.901	233	130	9	3168	3395	964	1170	2.50e-08	63.2	21166	2344	58
632072	6806	30.901	233	130	9	4781	5008	964	1170	2.69e-08	63.2	21166	2344	58
632072	6806	30.472	233	131	9	6397	6624	964	1170	7.42e-08	61.6	21166	2344	58
632072	6806	34.225	187	101	7	1555	1739	964	1130	1.08e-06	57.8	21166	2344	58
632072	12183	38.911	257	130	6	8630	8871	1	245	1.37e-31	138	21166	923	16
632072	12183	36.293	259	140	5	13165	13409	1	248	2.00e-28	128	21166	923	16
632072	12183	37.452	259	146	7	11570	11818	1	253	6.22e-28	127	21166	923	16
632072	12183	41.709	199	105	4	19253	19447	1	192	2.72e-26	121	21166	923	16
632072	12183	37.838	259	134	9	2183	2421	1	252	1.37e-25	119	21166	923	16
632072	12183	47.929	169	83	4	3794	3962	1	164	8.44e-25	116	21166	923	16
632072	12183	47.929	169	83	4	5410	5578	1	164	8.44e-25	116	21166	923	16
632072	12183	47.929	169	83	4	7023	7191	1	164	1.02e-24	116	21166	923	16
632072	12183	37.500	264	134	10	16040	16286	1	250	6.58e-23	110	21166	923	16
632072	12183	34.364	291	152	9	17646	17923	1	265	5.35e-22	107	21166	923	16
632072	12183	29.964	277	153	9	9971	10225	1	258	7.10e-21	103	21166	923	16
632072	12183	36.042	283	146	10	487	751	1	266	2.29e-19	99.0	21166	923	16
632072	12183	40.741	162	89	4	14438	14598	1	156	4.21e-19	98.2	21166	923	16
632072	12183	23.653	427	265	15	20521	20931	356	737	3.26e-12	75.5	21166	923	16
632072	5233	34.037	379	225	10	6822	7181	980	1352	1.06e-30	137	21166	2814	28
632072	5233	33.773	379	226	10	3593	3952	980	1352	4.43e-30	135	21166	2814	28
632072	5233	32.982	379	232	9	5206	5568	980	1352	1.69e-28	129	21166	2814	28
632072	5233	32.979	376	228	9	11370	11727	981	1350	1.72e-28	129	21166	2814	28
632072	5233	31.481	378	237	9	15839	16199	980	1352	1.73e-28	129	21166	2814	28
632072	5233	28.358	536	326	17	12823	13322	837	1350	2.94e-28	129	21166	2814	28
632072	5233	26.476	525	354	14	9628	10129	837	1352	1.97e-26	123	21166	2814	28
632072	5233	27.586	493	312	16	8324	8785	872	1350	2.53e-26	122	21166	2814	28
632072	5233	31.622	370	235	9	1986	2338	984	1352	8.44e-25	117	21166	2814	28
632072	5233	31.300	377	237	9	19054	19412	980	1352	2.02e-24	116	21166	2814	28
632072	5233	30.628	382	234	11	17445	17804	980	1352	2.17e-24	116	21166	2814	28
632072	5233	26.766	538	330	15	14099	14597	840	1352	2.49e-24	115	21166	2814	28
632072	5233	31.608	541	322	17	161	668	854	1379	1.73e-21	106	21166	2814	28
632072	5233	40.351	114	57	4	9426	9529	2467	2579	3.01e-07	59.7	21166	2814	28
632072	5233	34.000	200	100	8	1550	1733	2393	2576	2.42e-06	56.6	21166	2814	28
632072	5233	30.964	197	114	6	17025	17210	2393	2578	3.19e-06	56.2	21166	2814	28
632072	5233	30.964	197	114	6	18634	18819	2393	2578	3.19e-06	56.2	21166	2814	28
632072	22824	36.759	253	147	6	15481	15728	97	341	3.84e-21	100	21166	343	14
632072	22824	33.716	261	142	7	17086	17331	97	341	1.96e-20	98.2	21166	343	14
632072	22824	33.716	261	142	7	18695	18940	97	341	1.96e-20	98.2	21166	343	14
632072	22824	32.083	240	125	5	13902	14123	122	341	5.51e-19	94.0	21166	343	14
632072	22824	34.646	254	150	8	11007	11253	97	341	9.00e-19	93.2	21166	343	14
632072	22824	34.646	254	150	8	12604	12850	97	341	9.00e-19	93.2	21166	343	14
632072	22824	36.681	229	135	4	6481	6708	122	341	1.26e-18	92.8	21166	343	14
632072	22824	34.498	229	140	3	8094	8321	122	341	2.88e-18	91.7	21166	343	14
632072	22824	35.371	229	138	4	4865	5092	122	341	6.81e-18	90.5	21166	343	14
632072	22824	35.371	229	138	4	3252	3479	122	341	9.49e-18	90.1	21166	343	14
632072	22824	32.889	225	146	3	9431	9655	122	341	5.57e-17	87.8	21166	343	14
632072	22824	30.252	238	136	7	1638	1864	122	340	1.39e-13	77.4	21166	343	14
632072	22824	26.906	223	133	7	20201	20417	142	340	7.33e-06	53.5	21166	343	14
632072	27553	33.704	270	162	10	15441	15699	65	328	2.32e-20	97.8	21166	328	12
632072	27553	40.642	187	102	3	6394	6577	46	226	6.36e-16	84.3	21166	328	12
632072	27553	36.702	188	109	5	13836	14018	65	247	6.36e-16	84.3	21166	328	12
632072	27553	30.337	267	170	8	10967	11222	65	326	1.60e-15	83.2	21166	328	12
632072	27553	30.337	267	170	8	12564	12819	65	326	1.60e-15	83.2	21166	328	12
632072	27553	42.661	218	115	7	1552	1764	46	258	7.42e-15	81.3	21166	328	12
632072	27553	37.500	232	133	5	8007	8232	46	271	1.29e-14	80.5	21166	328	12
632072	27553	39.572	187	104	3	4778	4961	46	226	1.91e-14	80.1	21166	328	12
632072	27553	35.673	171	103	2	9359	9527	61	226	2.34e-14	79.7	21166	328	12
632072	27553	39.572	187	104	3	3165	3348	46	226	3.16e-14	79.3	21166	328	12
632072	27553	32.979	188	117	5	17046	17229	65	247	5.00e-14	78.6	21166	328	12
632072	27553	32.979	188	117	5	18655	18838	65	247	5.00e-14	78.6	21166	328	12
632082	10284	42.280	1684	863	39	2860	4499	1	1619	0.0	972	7319	3179	81
632082	10284	42.221	1684	864	39	1235	2874	1	1619	0.0	968	7319	3179	81
632082	10284	38.095	1890	1002	49	4485	6308	1	1788	0.0	943	7319	3179	81
632082	10284	34.645	1042	540	34	5339	6331	2228	3177	4.95e-103	374	7319	3179	81
632082	10284	37.802	828	440	27	2098	2904	2242	3015	1.34e-96	353	7319	3179	81
632082	10284	37.802	828	440	27	3723	4529	2242	3015	1.34e-96	353	7319	3179	81
632082	10284	44.259	540	270	8	737	1249	1084	1619	4.24e-95	348	7319	3179	81
632082	10284	38.640	559	303	18	739	1279	2479	3015	2.32e-72	273	7319	3179	81
632082	10284	35.602	191	116	3	6364	6554	810	993	2.98e-19	97.8	7319	3179	81
632082	10284	28.333	300	173	9	6394	6685	2255	2520	4.00e-11	70.9	7319	3179	81
632082	15270	41.468	545	274	16	5598	6130	323	834	9.17e-75	277	7319	1269	46
632082	15270	40.809	544	277	16	2347	2878	323	833	8.21e-71	265	7319	1269	46
632082	15270	40.809	544	277	16	3972	4503	323	833	8.21e-71	265	7319	1269	46
632082	15270	39.813	535	282	16	735	1253	323	833	8.90e-68	255	7319	1269	46
632082	15270	33.216	283	146	6	5363	5639	1021	1266	7.57e-26	119	7319	1269	46
632082	15270	31.522	460	244	13	6225	6677	866	1261	1.52e-25	117	7319	1269	46
632082	15270	44.371	151	67	3	2085	2235	173	306	4.70e-23	109	7319	1269	46
632082	15270	44.371	151	67	3	3710	3860	173	306	4.70e-23	109	7319	1269	46
632082	15270	34.146	287	142	6	2108	2388	1021	1266	6.76e-23	109	7319	1269	46
632082	15270	34.146	287	142	6	3733	4013	1021	1266	6.76e-23	109	7319	1269	46
632082	15270	39.634	164	83	4	5338	5500	171	319	2.06e-22	107	7319	1269	46
632082	15270	32.536	209	111	7	6334	6535	133	318	1.50e-11	72.0	7319	1269	46
632082	15707	38.940	547	298	13	5615	6150	405	926	1.02e-74	275	7319	1079	27
632082	15707	39.163	526	285	12	2359	2874	400	900	6.72e-74	272	7319	1079	27
632082	15707	39.163	526	285	12	3984	4499	400	900	6.72e-74	272	7319	1079	27
632082	15707	43.932	412	206	9	841	1249	511	900	7.93e-72	265	7319	1079	27
632082	14436	42.775	346	169	13	2859	3198	13	335	4.01e-50	198	7319	1342	14
632082	14436	42.486	346	170	13	1234	1573	13	335	5.83e-49	194	7319	1342	14
632082	14436	41.226	359	167	15	4484	4831	13	338	1.23e-44	180	7319	1342	14
632082	260	27.361	720	451	19	1726	2388	1971	2675	2.75e-37	157	7319	3666	50
632082	260	27.361	720	451	19	3351	4013	1971	2675	2.75e-37	157	7319	3666	50
632082	260	25.915	683	439	19	5009	5639	2008	2675	1.17e-34	148	7319	3666	50
632082	260	32.134	417	246	12	5761	6162	504	898	1.08e-33	145	7319	3666	50
632082	260	32.275	378	230	8	2510	2876	504	866	5.41e-33	143	7319	3666	50
632082	260	32.275	378	230	8	4135	4501	504	866	5.41e-33	143	7319	3666	50
632082	260	31.300	377	232	9	886	1251	506	866	1.39e-29	132	7319	3666	50
632082	260	33.684	190	120	4	6370	6554	2361	2549	7.02e-17	89.7	7319	3666	50
632082	5233	29.866	596	341	23	692	1246	791	1350	1.41e-31	138	7319	2814	29
632082	5233	33.512	373	224	10	5768	6122	984	1350	1.42e-29	131	7319	2814	29
632082	5233	33.244	373	225	10	2517	2871	984	1350	2.60e-29	130	7319	2814	29
632082	5233	33.244	373	225	10	4142	4496	984	1350	2.60e-29	130	7319	2814	29
632082	5233	31.217	189	108	6	2125	2295	2429	2613	1.29e-06	55.8	7319	2814	29
632082	5233	31.217	189	108	6	3750	3920	2429	2613	1.29e-06	55.8	7319	2814	29
632082	5233	31.429	140	84	4	5393	5521	2440	2578	3.26e-06	54.7	7319	2814	29
632082	6806	27.465	568	342	16	2349	2892	201	722	4.47e-29	130	7319	2344	51
632082	6806	27.465	568	342	16	3974	4517	201	722	4.47e-29	130	7319	2344	51
632082	6806	30.531	452	260	13	830	1267	311	722	9.51e-29	129	7319	2344	51
632082	6806	27.306	553	341	15	5597	6125	198	713	3.27e-27	124	7319	2344	51
632082	6806	29.260	311	201	9	5038	5337	1623	1925	1.96e-14	81.6	7319	2344	51
632082	6806	27.832	309	205	7	1783	2080	1623	1924	3.13e-14	80.9	7319	2344	51
632082	6806	27.832	309	205	7	3408	3705	1623	1924	3.13e-14	80.9	7319	2344	51
632082	6806	28.821	229	139	7	5341	5567	964	1170	5.18e-10	67.0	7319	2344	51
632082	6806	29.245	212	110	7	2086	2284	964	1148	8.05e-07	56.6	7319	2344	51
632082	6806	29.245	212	110	7	3711	3909	964	1148	8.05e-07	56.6	7319	2344	51
632082	6806	31.953	169	96	5	6364	6531	958	1108	1.73e-06	55.5	7319	2344	51
632082	12183	42.932	191	102	3	5966	6153	1	187	6.33e-27	122	7319	923	9
632082	12183	46.835	158	80	1	2715	2872	1	154	3.84e-26	119	7319	923	9
632082	12183	46.835	158	80	1	4340	4497	1	154	3.84e-26	119	7319	923	9
632082	12183	43.038	158	86	2	1090	1247	1	154	5.04e-23	109	7319	923	9
632082	27553	38.290	269	152	4	6332	6595	11	270	4.57e-26	113	7319	328	11
632082	27553	29.675	246	158	6	5351	5590	64	300	2.07e-14	78.6	7319	328	11
632082	27553	36.527	167	100	2	2102	2267	65	226	4.51e-14	77.4	7319	328	11
632082	27553	36.527	167	100	2	3727	3892	65	226	4.51e-14	77.4	7319	328	11
632082	22824	34.884	258	157	4	6420	6677	89	335	1.25e-21	100	7319	343	13
632082	22824	31.890	254	152	5	5397	5639	97	340	5.54e-20	95.5	7319	343	13
632082	22824	34.234	222	141	3	2170	2388	121	340	2.22e-19	93.6	7319	343	13
632082	22824	34.234	222	141	3	3795	4013	121	340	2.22e-19	93.6	7319	343	13
632088	10284	41.569	1874	923	42	13192	14977	1	1790	0.0	1015	20900	3179	66
632088	10284	42.823	1693	847	31	11602	13234	1	1632	0.0	1011	20900	3179	66
632088	10284	42.538	1702	857	33	6532	8177	1	1637	0.0	999	20900	3179	66
632088	10284	45.059	850	392	15	5768	6574	815	1632	1.31e-156	553	20900	3179	66
632088	10284	39.382	1036	491	31	15026	15984	815	1790	9.24e-124	444	20900	3179	66
632088	10284	39.499	1038	486	31	17040	17997	815	1790	1.41e-123	444	20900	3179	66
632088	10284	39.034	1035	496	30	16033	16991	815	1790	2.02e-122	440	20900	3179	66
632088	10284	40.767	861	420	20	10831	11644	815	1632	4.47e-117	422	20900	3179	66
632088	10284	43.124	749	333	17	10082	10782	1087	1790	1.03e-116	421	20900	3179	66
632088	10284	40.835	862	417	23	18046	18858	815	1632	1.97e-116	420	20900	3179	66
632088	10284	47.069	563	262	7	2408	2955	1087	1628	2.73e-110	400	20900	3179	66
632088	10284	46.820	566	266	7	4759	5309	1087	1632	5.81e-110	399	20900	3179	66
632088	10284	38.350	824	447	19	7367	8168	2228	3012	1.09e-106	388	20900	3179	66
632088	10284	36.439	966	531	25	14027	14964	2228	3138	1.49e-106	388	20900	3179	66
632088	10284	38.527	828	439	21	12430	13230	2228	3012	6.62e-106	385	20900	3179	66
632088	10284	38.453	853	451	21	5746	6570	2206	3012	1.42e-103	378	20900	3179	66
632088	10284	40.885	565	293	14	10081	10636	2480	3012	7.73e-81	303	20900	3179	66
632088	10284	40.035	572	300	14	2407	2965	2480	3021	5.22e-80	300	20900	3179	66
632088	10284	40.000	560	297	12	4758	5305	2480	3012	8.78e-80	299	20900	3179	66
632088	10284	41.336	554	277	15	18327	18854	2481	3012	3.51e-73	277	20900	3179	66
632088	10284	38.600	557	270	16	522	1033	1099	1628	1.05e-68	263	20900	3179	66
632088	10284	39.034	497	273	16	5267	5750	1	480	1.02e-59	233	20900	3179	66
632088	10284	43.860	342	175	5	20200	20533	815	1147	2.59e-59	231	20900	3179	66
632088	10284	37.085	542	289	18	522	1033	2493	3012	1.02e-55	219	20900	3179	66
632088	10284	40.997	361	186	10	18816	19161	1	349	9.67e-52	206	20900	3179	66
632088	10284	35.849	318	172	6	20225	20537	2255	2545	8.68e-31	137	20900	3179	66
632088	10284	35.983	239	148	4	16005	16239	2200	2437	6.59e-17	91.7	20900	3179	66
632088	10284	37.551	245	137	6	17012	17251	2200	2433	1.97e-16	90.1	20900	3179	66
632088	10284	34.568	243	152	4	14996	15232	2196	2437	6.00e-16	88.2	20900	3179	66
632088	10284	36.842	152	95	1	10886	11037	2287	2437	2.12e-15	86.7	20900	3179	66
632088	10284	49.333	75	37	1	9970	10043	2480	2554	3.59e-09	65.9	20900	3179	66
632088	15707	41.486	552	273	15	520	1041	403	934	1.01e-84	306	20900	1079	34
632088	15707	39.742	697	319	21	16328	16978	405	1046	1.53e-82	300	20900	1079	34
632088	15707	39.455	697	321	21	15321	15971	405	1046	2.31e-80	293	20900	1079	34
632088	15707	41.712	549	269	12	17335	17855	405	930	2.60e-80	293	20900	1079	34
632088	15707	42.230	547	263	13	18340	18856	405	928	4.56e-79	289	20900	1079	34
632088	15707	40.693	548	281	12	14309	14835	406	930	5.51e-78	286	20900	1079	34
632088	15707	41.284	545	271	12	11126	11642	405	928	9.48e-78	285	20900	1079	34
632088	15707	38.959	557	299	13	10094	10640	405	930	2.86e-77	284	20900	1079	34
632088	15707	39.394	561	277	16	7649	8177	406	935	1.21e-74	276	20900	1079	34
632088	15707	39.633	545	283	14	12712	13232	406	928	1.66e-74	275	20900	1079	34
632088	15707	38.021	576	296	18	2420	2973	405	941	4.79e-72	268	20900	1079	34
632088	15707	37.931	551	301	15	4771	5307	405	928	2.00e-71	266	20900	1079	34
632088	15707	38.530	558	275	16	6049	6572	405	928	1.66e-70	263	20900	1079	34
632088	15270	43.623	541	270	14	12680	13206	305	824	2.03e-83	306	20900	1269	46
632088	15270	43.542	542	270	14	14277	14804	305	824	2.69e-83	305	20900	1269	46
632088	15270	43.704	540	263	13	6021	6546	312	824	4.32e-83	305	20900	1269	46
632088	15270	44.096	542	266	16	7617	8143	305	824	1.11e-81	300	20900	1269	46
632088	15270	41.000	600	299	15	2352	2930	259	824	1.42e-81	300	20900	1269	46
632088	15270	43.126	531	260	13	4759	5281	328	824	7.92e-81	298	20900	1269	46
632088	15270	43.494	538	254	14	10082	10610	328	824	1.84e-80	296	20900	1269	46
632088	15270	40.820	512	249	17	16331	16818	343	824	7.10e-61	234	20900	1269	46
632088	15270	40.434	507	258	16	11129	11616	343	824	6.98e-60	231	20900	1269	46
632088	15270	40.196	510	255	17	15324	15811	343	824	1.77e-59	230	20900	1269	46
632088	15270	39.921	506	262	15	18343	18830	343	824	3.15e-59	229	20900	1269	46
632088	15270	40.631	507	257	17	17338	17825	343	824	8.56e-59	228	20900	1269	46
632088	15270	36.183	503	281	14	525	1008	343	824	2.39e-48	194	20900	1269	46
632088	15270	41.870	246	112	8	14953	15187	93	318	2.60e-31	138	20900	1269	46
632088	15270	41.463	246	113	8	15960	16194	93	318	4.21e-30	134	20900	1269	46
632088	15270	41.463	246	113	8	16967	17201	93	318	4.21e-30	134	20900	1269	46
632088	15270	41.870	246	112	8	10758	10992	93	318	4.86e-30	134	20900	1269	46
632088	15270	41.057	246	114	8	20127	20361	93	318	1.26e-28	129	20900	1269	46
632088	15270	39.919	248	117	9	17973	18208	93	320	2.09e-28	129	20900	1269	46
632088	15270	35.254	295	141	7	14048	14335	1018	1269	5.51e-27	124	20900	1269	46
632088	15270	35.254	295	141	7	7388	7675	1018	1269	6.31e-27	124	20900	1269	46
632088	15270	34.576	295	143	7	12451	12738	1018	1269	6.52e-27	124	20900	1269	46
632088	15270	37.872	235	115	7	5694	5918	93	306	5.30e-24	114	20900	1269	46
632088	15270	34.043	423	201	13	5671	6073	902	1266	1.83e-23	112	20900	1269	46
632088	15270	33.827	405	200	14	20122	20510	915	1267	9.53e-23	110	20900	1269	46
632088	15270	36.545	301	165	9	14948	15233	915	1204	2.75e-21	105	20900	1269	46
632088	15270	36.545	301	165	9	15955	16240	915	1204	5.57e-21	104	20900	1269	46
632088	15270	39.024	164	84	4	12429	12591	171	319	1.25e-20	103	20900	1269	46
632088	15270	39.024	164	84	4	7366	7528	171	319	2.18e-20	102	20900	1269	46
632088	15270	39.024	164	84	4	14026	14188	171	319	2.18e-20	102	20900	1269	46
632088	15270	36.667	300	164	9	10754	11038	916	1204	4.13e-20	101	20900	1269	46
632088	15270	37.269	271	147	8	16962	17220	915	1174	2.70e-19	99.0	20900	1269	46
632088	15270	35.793	271	150	9	17968	18225	915	1174	4.12e-16	88.6	20900	1269	46
632088	15270	32.692	208	121	5	20334	20538	202	393	4.73e-15	85.1	20900	1269	46
632088	15270	44.660	103	51	3	9971	10068	328	429	6.68e-09	64.7	20900	1269	46
632088	19409	33.902	469	242	12	4294	4699	13	476	6.39e-60	218	20900	477	10
632088	19409	33.766	462	238	12	3869	4267	16	472	1.67e-58	213	20900	477	10
632088	19409	33.047	466	244	12	1946	2348	16	476	3.38e-58	213	20900	477	10
632088	19409	33.333	465	242	12	9081	9482	16	475	7.07e-58	212	20900	477	10
632088	19409	33.262	469	245	12	9506	9911	13	476	7.78e-58	211	20900	477	10
632088	14436	45.428	339	159	13	11597	11921	9	335	2.50e-54	214	20900	1342	8
632088	14436	42.899	345	164	12	13188	13518	10	335	3.79e-49	197	20900	1342	8
632088	14436	40.870	345	178	12	18811	19144	9	338	6.21e-49	196	20900	1342	8
632088	14436	42.857	357	171	15	5263	5605	10	347	3.11e-48	194	20900	1342	8
632088	14436	42.486	346	164	14	6528	6858	10	335	4.84e-48	193	20900	1342	8
632088	14436	46.774	62	27	2	980	1036	1	61	8.27e-06	54.7	20900	1342	8
632088	12183	38.245	319	173	10	19729	20026	337	652	1.63e-39	164	20900	923	19
632088	12183	41.212	330	144	13	17669	17986	1	292	7.42e-36	152	20900	923	19
632088	12183	43.561	264	109	11	18674	18913	1	248	2.51e-35	150	20900	923	19
632088	12183	42.803	264	111	10	11460	11699	1	248	6.51e-34	146	20900	923	19
632088	12183	38.806	335	146	13	16662	16980	1	292	5.41e-33	143	20900	923	19
632088	12183	38.806	335	146	13	15655	15973	1	292	8.89e-33	142	20900	923	19
632088	12183	37.082	329	160	11	14648	14966	1	292	1.79e-29	132	20900	923	19
632088	12183	43.784	185	100	2	7987	8168	1	184	2.10e-26	122	20900	923	19
632088	12183	37.786	262	127	8	6390	6629	1	248	2.35e-26	121	20900	923	19
632088	12183	37.786	262	127	9	5125	5364	1	248	2.80e-26	121	20900	923	19
632088	12183	43.784	185	100	2	2774	2955	1	184	3.03e-26	121	20900	923	19
632088	12183	37.405	262	128	8	13050	13289	1	248	1.62e-25	119	20900	923	19
632088	12183	35.736	333	158	11	10454	10771	1	292	1.67e-25	119	20900	923	19
632088	12183	43.915	189	86	7	860	1033	1	184	6.22e-21	103	20900	923	19
632088	12183	26.786	280	166	9	20612	20867	382	646	1.54e-06	57.0	20900	923	19
632088	260	29.899	495	309	15	17403	17875	442	920	6.33e-38	161	20900	3666	41
632088	260	31.443	388	238	9	6195	6569	516	888	7.12e-38	160	20900	3666	41
632088	260	29.887	532	315	18	18408	18908	442	946	1.27e-37	160	20900	3666	41
632088	260	31.830	377	245	7	12856	13227	516	885	8.62e-37	157	20900	3666	41
632088	260	29.663	445	271	13	15389	15812	442	865	1.72e-35	153	20900	3666	41
632088	260	29.663	445	271	13	16396	16819	442	865	2.51e-35	152	20900	3666	41
632088	260	29.231	520	310	17	11194	11681	442	935	2.73e-35	152	20900	3666	41
632088	260	26.415	689	435	19	12100	12736	2008	2676	2.10e-34	149	20900	3666	41
632088	260	30.714	420	259	10	14453	14855	516	920	5.06e-34	148	20900	3666	41
632088	260	31.436	369	239	8	7793	8154	516	877	6.90e-34	147	20900	3666	41
632088	260	26.208	683	444	18	7037	7673	2008	2676	8.43e-34	147	20900	3666	41
632088	260	26.061	683	445	18	13697	14333	2008	2676	1.02e-32	144	20900	3666	41
632088	260	31.888	392	220	13	10244	10615	506	870	6.93e-32	141	20900	3666	41
632088	260	30.108	465	275	16	4921	5359	506	946	1.74e-30	136	20900	3666	41
632088	260	30.243	453	268	15	662	1074	504	948	2.14e-30	136	20900	3666	41
632088	260	30.670	388	237	11	2570	2941	506	877	6.09e-30	134	20900	3666	41
632088	260	30.952	336	170	13	5769	6068	2361	2670	5.91e-16	88.6	20900	3666	41
632088	260	32.883	222	137	5	20201	20411	2361	2581	5.90e-15	85.1	20900	3666	41
632088	260	42.991	107	60	1	16112	16217	2447	2553	2.99e-14	82.8	20900	3666	41
632088	260	43.269	104	58	1	17119	17221	2447	2550	7.19e-14	81.6	20900	3666	41
632088	260	42.056	107	61	1	10910	11015	2447	2553	7.82e-14	81.3	20900	3666	41
632088	260	42.056	107	61	1	15105	15210	2447	2553	1.17e-13	80.9	20900	3666	41
632088	260	43.269	104	57	2	18125	18226	2447	2550	8.53e-12	74.7	20900	3666	41
632088	260	28.254	315	196	12	179	478	1015	1314	2.38e-10	69.7	20900	3666	41
632088	6806	30.069	582	334	17	12696	13236	201	750	4.06e-37	158	20900	2344	42
632088	6806	30.292	548	326	14	7633	8151	201	721	3.63e-35	151	20900	2344	42
632088	6806	30.277	578	318	20	6028	6558	194	733	4.25e-35	151	20900	2344	42
632088	6806	30.435	552	327	16	14293	14815	201	724	1.41e-34	149	20900	2344	42
632088	6806	29.685	539	324	14	10100	10620	222	723	1.73e-33	146	20900	2344	42
632088	6806	31.144	533	314	18	2426	2938	222	721	2.21e-32	142	20900	2344	42
632088	6806	30.192	520	314	15	4777	5278	222	710	7.66e-31	137	20900	2344	42
632088	6806	31.481	432	262	14	15393	15814	309	716	7.04e-27	124	20900	2344	42
632088	6806	30.958	449	268	16	18412	18842	309	733	1.04e-26	124	20900	2344	42
632088	6806	34.278	353	208	12	17483	17825	375	713	1.28e-26	123	20900	2344	42
632088	6806	34.270	356	210	12	11274	11619	375	716	2.09e-26	122	20900	2344	42
632088	6806	31.250	432	263	14	16400	16821	309	716	3.03e-26	122	20900	2344	42
632088	6806	31.161	353	213	11	684	1016	379	721	2.76e-21	105	20900	2344	42
632088	6806	33.894	357	170	17	20123	20460	885	1194	2.89e-19	99.4	20900	2344	42
632088	6806	34.783	322	159	14	14949	15255	885	1170	3.28e-18	95.9	20900	2344	42
632088	6806	30.696	316	204	9	7058	7365	1617	1925	4.41e-14	82.0	20900	2344	42
632088	6806	30.380	316	205	9	12121	12428	1617	1925	5.96e-14	81.6	20900	2344	42
632088	6806	30.696	316	204	9	13718	14025	1617	1925	1.02e-13	80.9	20900	2344	42
632088	6806	32.812	320	167	14	17969	18274	885	1170	2.95e-13	79.3	20900	2344	42
632088	6806	32.174	230	130	8	12432	12658	964	1170	4.34e-13	79.0	20900	2344	42
632088	6806	32.174	230	130	8	14029	14255	964	1170	7.30e-13	78.2	20900	2344	42
632088	6806	32.174	230	130	8	7369	7595	964	1170	8.14e-13	77.8	20900	2344	42
632088	6806	30.982	326	163	15	5692	5997	887	1170	4.00e-09	65.9	20900	2344	42
632088	14777	45.178	197	89	5	2166	2344	161	356	3.52e-36	154	20900	1153	10
632088	14777	45.729	199	85	6	4089	4267	161	356	4.06e-36	154	20900	1153	10
632088	14777	40.664	241	120	7	9728	9946	160	399	6.21e-36	153	20900	1153	10
632088	14777	44.444	198	91	5	9300	9479	160	356	7.36e-36	153	20900	1153	10
632088	14777	45.000	200	87	6	4516	4695	160	356	9.73e-36	152	20900	1153	10
632088	14777	37.766	188	96	6	9507	9692	89	257	1.56e-17	93.2	20900	1153	10
632088	14777	34.177	237	119	8	1904	2129	47	257	1.71e-17	93.2	20900	1153	10
632088	14777	34.177	237	119	8	9039	9264	47	257	2.87e-17	92.4	20900	1153	10
632088	14777	35.021	237	117	9	3827	4052	47	257	3.12e-17	92.0	20900	1153	10
632088	14777	37.234	188	97	6	4295	4480	89	257	8.08e-17	90.9	20900	1153	10
632088	5233	29.443	574	339	21	11095	11615	792	1352	6.54e-26	121	20900	2814	31
632088	5233	31.316	380	231	8	7786	8142	980	1352	1.76e-25	119	20900	2814	31
632088	5233	31.818	374	237	8	12849	13205	980	1352	1.85e-25	119	20900	2814	31
632088	5233	32.658	395	236	10	16460	16831	979	1366	1.28e-24	117	20900	2814	31
632088	5233	29.043	575	340	22	18309	18829	792	1352	5.04e-24	115	20900	2814	31
632088	5233	29.252	588	350	21	15290	15824	792	1366	5.77e-24	114	20900	2814	31
632088	5233	29.217	575	339	22	17304	17824	792	1352	5.77e-24	114	20900	2814	31
632088	5233	31.135	379	240	10	10246	10609	980	1352	1.10e-23	114	20900	2814	31
632088	5233	31.383	376	237	11	2572	2929	980	1352	1.61e-23	113	20900	2814	31
632088	5233	27.925	530	352	12	6039	6545	830	1352	1.19e-22	110	20900	2814	31
632088	5233	31.283	374	240	8	14446	14803	980	1352	2.52e-22	109	20900	2814	31
632088	5233	29.765	383	219	14	665	1007	980	1352	2.56e-22	109	20900	2814	31
632088	5233	30.481	374	239	11	4923	5278	980	1350	5.71e-22	108	20900	2814	31
632088	5233	29.195	298	191	8	158	451	1489	1770	2.36e-11	73.2	20900	2814	31
632088	5233	34.615	234	117	12	5744	5960	2372	2586	6.92e-07	58.2	20900	2814	31
632088	5233	41.593	113	55	4	10912	11014	2467	2578	3.12e-06	56.2	20900	2814	31
632088	5233	41.593	113	55	4	15107	15209	2467	2578	4.48e-06	55.5	20900	2814	31
632088	5233	39.823	113	57	4	20281	20383	2467	2578	6.98e-06	55.1	20900	2814	31
632088	5233	41.593	113	55	4	16114	16216	2467	2578	9.67e-06	54.7	20900	2814	31
632099	10284	37.307	1879	1026	48	599	2411	1	1793	0.0	889	4283	3179	80
632099	10284	33.127	969	556	25	1465	2404	2242	3147	7.70e-97	353	4283	3179	80
632099	10284	44.646	551	272	10	84	613	1081	1619	8.37e-97	353	4283	3179	80
632099	10284	37.961	569	308	18	87	644	2478	3012	1.68e-68	259	4283	3179	80
632099	10284	35.849	530	246	11	3312	3780	815	1311	5.38e-65	248	4283	3179	80
632099	10284	31.120	482	238	18	2827	3246	1	450	1.02e-31	138	4283	3179	80
632099	10284	33.413	416	202	11	3416	3786	2310	2695	6.14e-31	135	4283	3179	80
632099	10284	34.759	187	106	3	2462	2645	811	984	1.71e-15	84.3	4283	3179	80
632099	10284	33.728	169	98	4	2480	2644	2243	2401	2.08e-09	64.3	4283	3179	80
632099	15270	41.231	536	285	13	1717	2240	321	838	4.04e-74	274	4283	1269	52
632099	15270	42.279	544	263	17	82	613	320	824	1.69e-71	266	4283	1269	52
632099	15270	36.885	366	163	13	2341	2680	885	1208	2.40e-25	116	4283	1269	52
632099	15270	30.679	427	209	10	3224	3643	920	1266	5.93e-24	112	4283	1269	52
632099	15270	32.323	297	141	5	1475	1761	1021	1267	8.67e-23	108	4283	1269	52
632099	15270	33.333	282	125	8	3224	3498	93	318	5.93e-21	102	4283	1269	52
632099	15270	38.095	168	84	4	1450	1616	171	319	5.13e-20	99.0	4283	1269	52
632099	15270	33.488	215	91	6	3602	3775	323	526	6.14e-17	89.0	4283	1269	52
632099	15707	33.696	736	362	24	1731	2412	400	1063	1.82e-69	257	4283	1079	31
632099	15707	38.801	567	288	18	100	647	403	929	4.13e-67	250	4283	1079	31
632099	15707	38.739	111	61	2	3670	3780	511	614	1.29e-12	74.7	4283	1079	31
632099	14436	41.525	354	172	15	596	942	11	336	5.39e-47	187	4283	1342	15
632099	14436	35.759	316	153	16	2826	3129	13	290	9.53e-29	127	4283	1342	15
632099	260	29.583	480	285	15	174	631	432	880	2.47e-33	143	4283	3666	50
632099	260	25.436	688	439	19	1126	1762	2013	2677	6.53e-33	142	4283	3666	50
632099	260	28.919	370	235	9	1878	2233	516	871	9.26e-30	131	4283	3666	50
632099	260	34.583	240	141	6	3404	3638	2442	2670	5.56e-17	89.4	4283	3666	50
632099	260	31.429	210	129	5	2465	2666	2359	2561	1.13e-12	75.1	4283	3666	50
632099	260	27.586	232	137	11	2885	3096	1391	1611	2.14e-07	57.8	4283	3666	50
632099	260	44.231	52	29	0	3724	3775	516	567	4.83e-06	53.1	4283	3666	50
632099	27553	44.000	250	114	4	2442	2680	24	258	8.86e-31	126	4283	328	16
632099	27553	33.784	222	134	4	1469	1685	65	278	4.35e-16	82.8	4283	328	16
632099	27553	33.962	212	109	3	3310	3520	46	227	6.04e-12	70.1	4283	328	16
632099	6806	26.172	661	417	17	1661	2279	134	765	1.26e-30	134	4283	2344	51
632099	6806	27.428	587	343	22	81	632	195	733	3.17e-25	116	4283	2344	51
632099	6806	31.006	358	160	15	3222	3566	887	1170	8.30e-15	82.0	4283	2344	51
632099	6806	29.630	297	197	7	1150	1438	1623	1915	9.81e-15	82.0	4283	2344	51
632099	6806	31.646	237	130	8	1453	1685	964	1172	2.56e-11	70.5	4283	2344	51
632099	6806	35.714	168	80	6	2467	2630	964	1107	1.31e-09	65.1	4283	2344	51
632099	5233	27.027	518	348	11	1735	2225	838	1352	4.56e-28	125	4283	2814	27
632099	5233	26.612	605	395	13	61	634	788	1374	4.66e-24	112	4283	2814	27
632099	5233	36.283	113	63	3	1535	1638	2467	2579	1.70e-06	54.7	4283	2814	27
632099	12183	38.652	282	116	9	449	705	1	250	6.55e-26	117	4283	923	18
632099	12183	43.455	191	91	5	2069	2249	1	184	2.96e-24	112	4283	923	18
632099	12183	27.920	351	194	12	3935	4272	355	659	2.85e-19	96.3	4283	923	18
632099	22824	34.361	227	135	6	3423	3643	122	340	4.96e-18	89.0	4283	343	14
632099	22824	32.895	228	141	4	1539	1761	121	341	1.44e-17	87.4	4283	343	14
632099	22824	32.317	164	92	3	2519	2676	91	241	2.20e-13	74.7	4283	343	14
632232	10284	39.226	1680	893	37	2577	4215	37	1629	0.0	841	4798	3179	75
632232	10284	43.174	857	425	16	1200	2020	800	1630	3.78e-147	518	4798	3179	75
632232	10284	39.303	832	428	23	3413	4214	2228	3012	1.27e-102	372	4798	3179	75
632232	10284	42.723	639	253	12	222	840	1087	1632	4.78e-101	367	4798	3179	75
632232	10284	37.033	883	482	23	1165	2018	2175	3012	1.56e-96	352	4798	3179	75
632232	10284	40.528	417	210	14	431	836	2623	3012	5.23e-54	211	4798	3179	75
632232	10284	43.333	150	79	4	795	940	1	148	8.12e-19	95.5	4798	3179	75
632232	10284	34.759	187	106	3	2248	2431	811	984	2.66e-15	84.0	4798	3179	75
632232	10284	34.343	297	154	12	943	1220	224	498	4.11e-15	83.6	4798	3179	75
632232	10284	33.728	169	98	4	2266	2430	2243	2401	3.65e-09	63.5	4798	3179	75
632232	10284	37.405	131	75	3	229	357	2488	2613	4.62e-09	63.5	4798	3179	75
632232	15270	43.429	525	267	14	1478	1995	323	824	4.27e-77	283	4798	1269	53
632232	15270	40.146	548	295	13	3674	4211	323	847	3.67e-70	262	4798	1269	53
632232	15270	44.198	405	192	11	415	809	444	824	9.96e-57	219	4798	1269	53
632232	15270	36.140	285	135	7	3439	3716	1023	1267	1.10e-27	124	4798	1269	53
632232	15270	36.612	366	164	13	2127	2466	885	1208	2.78e-25	116	4798	1269	53
632232	15270	37.255	255	115	10	1146	1379	92	322	3.86e-25	115	4798	1269	53
632232	15270	38.660	194	94	6	3391	3574	141	319	5.14e-24	112	4798	1269	53
632232	15270	33.449	287	143	7	1240	1520	1023	1267	1.98e-21	103	4798	1269	53
632232	15270	40.833	120	61	3	222	338	328	440	9.09e-14	78.6	4798	1269	53
632232	15707	35.081	744	362	21	1493	2198	403	1063	1.22e-72	267	4798	1079	35
632232	15707	39.130	575	294	18	3670	4216	382	928	2.96e-72	266	4798	1079	35
632232	15707	43.914	419	203	8	423	839	541	929	4.17e-71	263	4798	1079	35
632232	260	27.697	686	431	21	3081	3717	2008	2677	8.82e-39	161	4798	3666	53
632232	260	28.085	470	299	13	3743	4192	418	868	2.47e-31	137	4798	3666	53
632232	260	29.708	377	232	8	440	810	516	865	2.72e-30	133	4798	3666	53
632232	260	32.632	380	220	14	1642	2006	516	874	1.90e-29	130	4798	3666	53
632232	260	28.963	328	208	8	1212	1521	2357	2677	3.75e-16	87.0	4798	3666	53
632232	260	30.952	210	130	5	2251	2452	2359	2561	2.43e-12	74.3	4798	3666	53
632232	260	28.111	217	125	11	2616	2812	1406	1611	4.96e-07	56.6	4798	3666	53
632232	6806	32.791	369	210	9	449	809	375	713	1.51e-31	137	4798	2344	45
632232	6806	28.086	559	339	16	1480	2007	201	727	1.99e-28	127	4798	2344	45
632232	6806	29.050	358	217	11	3849	4188	375	713	2.35e-17	90.9	4798	2344	45
632232	6806	29.747	316	195	11	3110	3411	1623	1925	2.11e-15	84.3	4798	2344	45
632232	6806	32.103	271	144	11	3388	3641	923	1170	1.65e-13	78.2	4798	2344	45
632232	6806	35.714	168	80	6	2253	2416	964	1107	1.41e-09	65.1	4798	2344	45
632232	6806	31.111	225	119	8	1192	1403	931	1132	7.17e-08	59.3	4798	2344	45
632232	27553	41.328	271	133	4	2207	2466	3	258	2.25e-30	125	4798	328	14
632232	27553	37.278	169	98	4	3429	3594	63	226	1.88e-12	72.0	4798	328	14
632232	27553	36.441	236	140	4	1208	1438	41	271	2.11e-12	71.6	4798	328	14
632232	12183	38.828	273	115	12	649	894	1	248	5.33e-29	128	4798	923	18
632232	12183	44.792	192	95	5	1836	2021	1	187	5.73e-24	111	4798	923	18
632232	12183	43.038	158	88	2	4031	4188	1	156	4.66e-22	105	4798	923	18
632232	12183	31.544	298	158	11	4345	4628	340	605	4.57e-19	95.9	4798	923	18
632232	14436	34.821	336	166	16	2572	2902	49	336	2.02e-26	120	4798	1342	13
632232	14436	46.000	150	67	5	792	937	11	150	4.85e-24	112	4798	1342	13
632232	14436	35.802	162	73	8	943	1102	230	362	5.55e-07	56.2	4798	1342	13
632232	5233	30.347	547	320	19	1485	1994	830	1352	4.17e-26	119	4798	2814	29
632232	5233	31.818	330	199	8	3836	4144	983	1307	1.87e-24	114	4798	2814	29
632232	5233	31.088	386	231	11	439	808	986	1352	4.54e-22	106	4798	2814	29
632232	5233	33.654	208	109	8	3401	3593	2383	2576	4.53e-08	60.1	4798	2814	29
632232	22824	33.730	252	152	6	3472	3716	98	341	7.69e-20	94.4	4798	343	13
632232	22824	32.735	223	147	2	1299	1520	121	341	4.20e-17	86.3	4798	343	13
632232	22824	31.707	164	93	3	2305	2462	91	241	2.82e-13	74.7	4798	343	13
