631879	31025	72.987	559	99	3	443	992	155	670	0.0	858	5875	688	28
631879	31025	35.294	272	154	5	3090	3341	357	626	2.23e-34	144	5875	688	28
631879	31025	82.500	80	14	0	1582	1661	3	82	1.22e-30	132	5875	688	28
631879	31025	82.500	80	14	0	1690	1769	3	82	1.22e-30	132	5875	688	28
631879	31025	82.500	80	14	0	1798	1877	3	82	1.22e-30	132	5875	688	28
631879	31025	82.500	80	14	0	1906	1985	3	82	1.22e-30	132	5875	688	28
631879	31025	23.308	532	361	16	3358	3855	160	678	8.67e-19	94.7	5875	688	28
631879	3174	58.220	809	244	11	450	1228	10	754	0.0	814	5875	1504	34
631879	3174	73.148	432	103	3	4869	5292	1069	1495	0.0	657	5875	1504	34
631879	3174	36.462	277	154	6	3090	3346	206	480	1.60e-37	157	5875	1504	34
631879	3174	56.204	137	45	5	1365	1494	812	940	8.93e-27	122	5875	1504	34
631879	3174	23.991	446	302	12	3419	3837	70	505	3.95e-16	87.0	5875	1504	34
631879	31026	74.200	469	119	2	5406	5873	2	469	0.0	670	5875	469	8
631879	4113	68.447	412	115	3	1582	1985	3	407	7.64e-156	493	5875	465	7
631879	4113	70.432	301	78	2	1581	1877	114	407	8.29e-116	377	5875	465	7
631879	4113	71.574	197	49	1	1573	1769	218	407	8.67e-74	256	5875	465	7
631879	13795	46.467	467	207	7	3919	4343	31	496	1.97e-121	396	5875	523	7
631879	13796	55.160	281	56	5	1610	1883	1	218	1.48e-66	227	5875	248	7
631879	13796	54.804	281	57	5	1718	1991	1	218	2.05e-66	226	5875	248	7
631879	13796	71.591	176	43	1	1607	1775	43	218	7.12e-64	219	5875	248	7
631879	13796	83.133	83	14	0	1585	1667	136	218	6.15e-36	139	5875	248	7
631879	21665	28.541	473	265	15	449	901	489	908	2.17e-23	110	5875	959	21
631879	21665	37.121	132	70	5	2422	2550	175	296	2.04e-09	64.7	5875	959	21
631879	21665	27.798	277	172	11	3086	3348	657	919	8.72e-08	59.3	5875	959	21
631879	21665	25.065	387	253	12	3356	3732	489	848	4.15e-07	57.0	5875	959	21
631879	4817	27.350	468	263	13	452	897	898	1310	5.57e-23	109	5875	1463	15
631879	4817	28.478	460	258	16	2907	3336	898	1316	2.35e-19	97.4	5875	1463	15
631879	24567	28.355	462	259	14	452	894	340	748	1.45e-22	107	5875	1077	20
631879	24567	37.121	132	70	5	2422	2550	26	147	2.48e-09	64.3	5875	1077	20
631879	24567	26.596	282	182	9	3086	3354	505	774	1.54e-07	58.5	5875	1077	20
631879	24567	25.886	367	233	11	3376	3732	359	696	1.10e-06	55.5	5875	1077	20
631879	11179	33.591	259	153	10	3093	3336	172	426	2.47e-19	94.7	5875	429	11
631879	11179	25.290	431	245	14	450	854	6	385	1.78e-14	79.7	5875	429	11
631889	20676	43.758	2363	1112	58	1040	3323	2	2226	0.0	1176	4454	4013	66
631889	20676	51.062	1177	531	17	2171	3323	2614	3769	0.0	857	4454	4013	66
631889	20676	40.157	1148	573	35	922	2020	1441	2523	4.13e-118	423	4454	4013	66
631889	20676	40.658	1033	526	31	922	1910	2984	3973	9.10e-114	409	4454	4013	66
631889	20676	53.953	506	211	10	170	660	3242	3740	2.16e-100	365	4454	4013	66
631889	20676	51.397	537	205	13	170	686	142	642	1.24e-94	346	4454	4013	66
631889	20676	48.771	529	237	11	170	675	1702	2219	4.93e-88	324	4454	4013	66
631889	31749	39.193	1314	663	34	176	1426	1	1241	2.52e-161	537	4454	1259	51
631889	31749	45.817	526	259	9	2797	3319	1	503	1.67e-97	347	4454	1259	51
631889	31749	41.650	497	250	15	1187	1662	1	478	4.93e-65	245	4454	1259	51
631889	31749	37.608	577	266	16	2524	3056	728	1254	1.65e-57	221	4454	1259	51
631889	31749	42.969	256	120	7	175	426	1019	1252	4.85e-31	135	4454	1259	51
631889	24567	37.135	1096	572	28	933	1934	1	1073	1.34e-140	471	4454	1077	51
631889	24567	40.852	798	411	23	2558	3322	24	793	1.57e-108	376	4454	1077	51
631889	24567	44.238	538	256	14	175	684	267	788	3.73e-86	308	4454	1077	51
631889	20670	38.927	1025	530	24	900	1877	7	982	2.72e-126	426	4454	982	49
631889	20670	41.984	736	384	18	2613	3323	96	813	1.67e-92	326	4454	982	49
631889	20670	46.300	527	257	11	175	686	292	807	3.69e-82	295	4454	982	49
631889	21665	38.107	845	439	24	917	1701	133	953	4.41e-118	401	4454	959	47
631889	21665	38.824	850	445	24	2528	3338	139	952	1.12e-103	358	4454	959	47
631889	21665	44.511	501	248	9	175	656	417	906	7.47e-85	302	4454	959	47
631889	20675	50.000	510	238	6	2150	2647	143	647	1.04e-104	352	4454	665	11
631889	30973	36.032	1124	599	35	650	1701	307	1382	1.45e-104	375	4454	1772	43
631889	30973	38.800	933	497	25	185	1074	871	1772	1.05e-93	340	4454	1772	43
631889	30973	46.931	277	104	7	2950	3218	1	242	1.30e-39	164	4454	1772	43
631889	30973	40.764	157	78	4	2527	2675	588	737	4.09e-09	63.5	4454	1772	43
631889	30973	37.580	157	83	4	2527	2675	1620	1769	4.45e-09	63.2	4454	1772	43
631889	12251	55.200	250	106	3	2895	3143	6	250	4.92e-73	246	4454	270	16
631889	12251	54.435	248	107	2	270	511	3	250	1.28e-69	236	4454	270	16
631889	12251	50.917	218	95	7	1312	1520	35	249	5.78e-49	177	4454	270	16
631889	22583	56.250	336	138	6	356	687	509	839	6.78e-71	263	4454	1185	25
631889	22583	48.297	323	157	5	3003	3321	526	842	3.41e-55	213	4454	1185	25
631889	22583	47.500	320	149	8	1387	1693	527	840	9.96e-52	202	4454	1185	25
631889	22583	52.482	141	62	3	2761	2900	356	492	4.87e-23	108	4454	1185	25
631889	31750	41.712	549	269	11	1989	2501	587	1120	4.80e-58	224	4454	1553	28
631889	31750	44.622	251	107	5	1462	1693	1	238	5.70e-32	138	4454	1553	28
631889	31750	45.122	246	117	7	451	687	1	237	2.12e-27	123	4454	1553	28
631889	31750	37.546	269	145	8	3079	3340	1	253	1.73e-16	87.8	4454	1553	28
631892	20676	47.697	1824	803	38	4840	6623	5	1717	0.0	1056	7020	4013	90
631892	20676	47.041	1639	747	36	150	1751	648	2202	0.0	935	7020	4013	90
631892	20676	53.130	1150	489	18	624	1746	2614	3740	0.0	877	7020	4013	90
631892	20676	52.381	1029	440	21	3411	4422	2978	3973	0.0	731	7020	4013	90
631892	20676	52.089	1029	443	20	4716	5727	2978	3973	0.0	728	7020	4013	90
631892	20676	48.854	1134	498	28	3411	4519	1435	2511	0.0	698	7020	4013	90
631892	20676	48.677	1134	500	28	4716	5824	1435	2511	0.0	697	7020	4013	90
631892	20676	46.435	1178	509	29	3535	4688	5	1084	3.48e-178	623	7020	4013	90
631892	20676	48.553	760	368	12	2370	3117	3225	3973	1.08e-141	502	7020	4013	90
631892	20676	43.202	1037	489	24	2370	3383	125	1084	9.91e-140	496	7020	4013	90
631892	20676	46.012	865	409	20	2370	3214	1685	2511	1.33e-139	496	7020	4013	90
631892	20676	52.799	661	262	12	1100	1751	5	624	4.05e-138	491	7020	4013	90
631892	20676	57.278	529	206	10	1803	2323	3224	3740	1.32e-129	462	7020	4013	90
631892	20676	49.924	655	298	8	5988	6623	2614	3257	1.24e-126	452	7020	4013	90
631892	20676	53.818	550	212	11	1803	2344	124	639	1.48e-119	429	7020	4013	90
631892	20676	46.296	216	103	5	150	363	3769	3973	5.96e-23	110	7020	4013	90
631892	24567	39.870	1081	539	32	3446	4446	24	1073	2.49e-150	500	7020	1077	65
631892	24567	39.778	1081	540	32	4751	5751	24	1073	6.69e-149	496	7020	1077	65
631892	24567	42.801	757	388	20	1011	1745	24	757	4.57e-118	405	7020	1077	65
631892	24567	38.479	881	449	23	2339	3141	208	1073	4.68e-117	402	7020	1077	65
631892	24567	45.951	531	257	12	1808	2325	247	760	1.65e-95	338	7020	1077	65
631892	24567	37.358	265	149	9	6375	6628	24	282	1.00e-19	98.6	7020	1077	65
631892	24567	33.101	287	134	10	151	387	795	1073	1.65e-17	91.7	7020	1077	65
631892	20670	43.249	911	471	20	4806	5694	96	982	9.96e-129	434	7020	982	58
631892	20670	42.873	912	473	20	3501	4389	96	982	1.07e-128	434	7020	982	58
631892	20670	43.261	742	364	18	2374	3084	267	982	2.26e-108	374	7020	982	58
631892	20670	43.367	701	365	15	1066	1746	96	784	8.88e-96	336	7020	982	58
631892	20670	45.636	550	282	12	1800	2344	267	804	3.41e-87	310	7020	982	58
631892	20670	40.659	182	95	3	150	330	813	982	1.80e-16	88.2	7020	982	58
631892	20670	36.916	214	118	5	6430	6628	96	307	4.59e-08	60.5	7020	982	58
631892	21665	40.214	843	431	23	4721	5518	139	953	1.83e-117	400	7020	959	53
631892	21665	40.451	843	429	24	3416	4213	139	953	2.36e-116	397	7020	959	53
631892	21665	40.932	794	411	22	981	1742	139	906	5.21e-113	387	7020	959	53
631892	21665	43.816	566	282	14	1806	2353	395	942	3.64e-94	331	7020	959	53
631892	21665	41.856	571	286	14	2374	2908	393	953	2.21e-89	317	7020	959	53
631892	21665	33.559	295	170	9	6345	6621	139	425	1.92e-15	84.7	7020	959	53
631892	31749	50.000	518	240	8	2393	2903	1	506	1.48e-114	399	7020	1259	58
631892	31749	47.834	531	245	10	4990	5513	1	506	1.38e-108	381	7020	1259	58
631892	31749	47.646	531	246	9	3685	4208	1	506	3.29e-108	380	7020	1259	58
631892	31749	46.593	543	263	9	1827	2367	1	518	1.12e-106	375	7020	1259	58
631892	31749	48.297	499	237	7	1250	1746	1	480	9.36e-105	369	7020	1259	58
631892	31749	36.601	765	364	22	4547	5249	549	1254	1.26e-60	232	7020	1259	58
631892	31749	36.340	765	366	22	3242	3944	549	1254	7.73e-60	229	7020	1259	58
631892	31749	37.847	576	266	14	977	1509	728	1254	1.08e-57	223	7020	1259	58
631892	31749	43.860	285	125	8	1808	2086	999	1254	5.71e-41	168	7020	1259	58
631892	31749	43.643	291	122	10	2372	2649	993	1254	4.19e-37	155	7020	1259	58
631892	31749	33.540	322	155	7	6341	6623	728	1029	5.14e-14	80.1	7020	1259	58
631892	20675	49.903	517	242	6	596	1100	136	647	2.70e-104	352	7020	665	18
631892	20675	50.296	507	235	6	5970	6464	146	647	2.17e-103	349	7020	665	18
631892	20675	50.758	132	58	3	3409	3535	518	647	2.09e-18	93.6	7020	665	18
631892	20675	50.758	132	58	3	4714	4840	518	647	2.09e-18	93.6	7020	665	18
631892	30973	40.547	841	412	23	3415	4213	588	1382	4.03e-94	342	7020	1772	51
631892	30973	39.928	839	420	21	4720	5518	588	1382	1.05e-93	341	7020	1772	51
631892	30973	40.271	812	398	22	980	1750	588	1353	1.11e-91	335	7020	1772	51
631892	30973	45.336	536	257	13	1800	2327	846	1353	1.79e-81	301	7020	1772	51
631892	30973	42.527	562	271	15	2374	2908	846	1382	2.24e-75	282	7020	1772	51
631892	30973	47.955	269	105	7	2542	2802	1	242	3.22e-46	186	7020	1772	51
631892	30973	48.352	273	101	7	5143	5406	1	242	1.50e-43	177	7020	1772	51
631892	30973	48.352	273	101	7	1403	1666	1	242	3.48e-43	176	7020	1772	51
631892	30973	48.352	273	101	7	3838	4101	1	242	3.48e-43	176	7020	1772	51
631892	30973	37.580	157	83	4	980	1128	1620	1769	6.48e-09	63.5	7020	1772	51
631892	30973	37.580	157	83	4	3415	3563	1620	1769	6.48e-09	63.5	7020	1772	51
631892	30973	37.580	157	83	4	4720	4868	1620	1769	6.48e-09	63.5	7020	1772	51
631892	30973	40.764	157	78	4	6344	6492	588	737	7.73e-09	63.2	7020	1772	51
631892	30973	37.580	157	83	4	6344	6492	1620	1769	9.30e-09	62.8	7020	1772	51
631892	12251	55.200	250	106	3	1925	2173	6	250	4.59e-73	246	7020	270	18
631892	12251	55.200	250	106	3	5088	5336	6	250	7.37e-73	246	7020	270	18
631892	12251	55.200	250	106	3	1348	1596	6	250	1.18e-72	245	7020	270	18
631892	12251	55.200	250	106	3	3783	4031	6	250	1.18e-72	245	7020	270	18
631892	12251	52.227	247	117	1	2487	2732	4	250	5.95e-68	232	7020	270	18
631892	22583	55.660	318	135	5	3891	4205	526	840	5.89e-70	261	7020	1185	31
631892	22583	54.088	318	140	4	5196	5510	526	840	2.27e-69	259	7020	1185	31
631892	22583	56.164	292	124	3	1456	1746	526	814	1.33e-65	247	7020	1185	31
631892	22583	55.822	292	125	3	2033	2323	526	814	2.37e-65	246	7020	1185	31
631892	22583	51.572	318	140	6	2595	2900	525	840	1.25e-63	241	7020	1185	31
631892	22583	54.615	130	57	2	1802	1930	364	492	1.99e-23	110	7020	1185	31
631892	22583	54.615	130	57	2	1225	1353	364	492	2.41e-23	110	7020	1185	31
631892	22583	53.191	141	61	3	3649	3788	356	492	4.25e-23	109	7020	1185	31
631892	22583	52.482	141	62	3	4954	5093	356	492	1.02e-22	108	7020	1185	31
631892	22583	38.583	127	76	2	2370	2494	366	492	2.18e-11	71.2	7020	1185	31
631892	31750	42.153	548	268	12	5806	6318	587	1120	4.24e-59	228	7020	1553	31
631892	31750	41.636	550	268	11	442	954	587	1120	6.59e-59	228	7020	1553	31
631892	31750	44.490	245	123	6	3967	4205	1	238	1.64e-27	124	7020	1553	31
631892	31750	44.262	244	124	5	2109	2346	1	238	2.18e-27	124	7020	1553	31
631892	31750	43.673	245	125	6	5272	5510	1	238	3.08e-27	123	7020	1553	31
631892	31750	46.544	217	107	4	1532	1745	1	211	5.09e-27	123	7020	1553	31
631892	31750	44.583	240	120	7	2672	2900	1	238	1.42e-25	118	7020	1553	31
632047	21665	35.172	580	292	17	21	559	400	936	9.09e-65	240	2567	959	27
632047	21665	40.237	169	86	6	1273	1437	143	300	8.16e-15	80.9	2567	959	27
632047	24567	36.590	522	272	13	36	526	264	757	8.36e-61	229	2567	1077	30
632047	24567	30.844	308	177	12	1280	1570	1	289	4.58e-12	72.0	2567	1077	30
632047	31749	36.634	505	276	12	41	527	2	480	3.90e-60	228	2567	1259	26
632047	31749	35.581	267	149	5	29	293	1009	1254	3.44e-26	118	2567	1259	26
632047	31749	39.264	163	90	4	1264	1426	727	880	9.75e-14	77.8	2567	1259	26
632047	30973	36.106	529	284	15	21	527	853	1349	9.92e-54	209	2567	1772	27
632047	30973	36.918	279	131	7	182	453	1	241	5.36e-28	124	2567	1772	27
632047	30973	39.303	201	105	8	1267	1462	587	775	1.57e-12	73.9	2567	1772	27
632047	30973	37.500	160	91	4	1267	1426	1619	1769	6.11e-10	65.1	2567	1772	27
632047	20670	34.918	547	304	13	24	542	277	799	2.41e-52	202	2567	982	20
632047	20676	34.766	535	303	13	32	542	1700	2212	6.86e-52	204	2567	4013	32
632047	20676	35.317	521	298	14	32	530	3240	3743	1.53e-48	192	2567	4013	32
632047	20676	34.981	526	296	13	32	542	140	634	7.42e-48	190	2567	4013	32
632047	20676	36.000	300	168	7	1261	1556	2976	3255	1.16e-23	110	2567	4013	32
632047	20676	35.314	303	169	8	1261	1556	1433	1715	3.50e-21	102	2567	4013	32
632047	20676	32.402	179	105	4	1396	1570	3	169	9.61e-06	51.6	2567	4013	32
632047	19981	33.019	530	306	18	23	530	337	839	2.36e-45	181	2567	1220	20
632047	21884	33.019	530	306	18	23	530	337	839	5.52e-45	179	2567	1229	20
632047	31025	29.512	471	278	13	107	527	156	622	2.56e-44	173	2567	688	16
632047	4817	34.459	444	237	14	112	526	898	1316	1.56e-41	169	2567	1463	16
632054	20676	48.888	2203	976	48	2220	4386	124	2212	0.0	1416	4905	4013	73
632054	20676	56.250	1104	438	18	1100	2180	2659	3740	0.0	899	4905	4013	73
632054	20676	53.513	1153	510	15	3230	4374	2609	3743	0.0	895	4905	4013	73
632054	20676	52.310	1147	478	22	1100	2213	1116	2226	0.0	839	4905	4013	73
632054	20676	53.077	780	326	17	2220	2989	3224	3973	1.14e-162	571	4905	4013	73
632054	20676	47.269	897	399	25	2220	3092	1684	2530	2.07e-153	540	4905	4013	73
632054	20676	53.959	682	253	15	1555	2213	5	648	4.34e-139	493	4905	4013	73
632054	20676	52.212	678	279	11	3731	4403	5	642	2.87e-135	480	4905	4013	73
632054	20676	63.245	302	108	2	609	908	3332	3632	5.98e-83	308	4905	4013	73
632054	20676	67.939	262	82	1	649	908	250	511	7.50e-80	297	4905	4013	73
632054	20676	58.478	289	113	3	624	908	1804	2089	8.72e-74	277	4905	4013	73
632054	24567	39.953	846	395	19	2239	3009	263	1070	3.27e-135	455	4905	1077	52
632054	24567	39.924	789	418	17	3616	4375	1	762	5.48e-119	407	4905	1077	52
632054	24567	41.278	751	403	15	1493	2212	50	793	3.55e-118	405	4905	1077	52
632054	24567	49.689	322	152	5	593	906	337	656	5.03e-67	250	4905	1077	52
632054	31749	51.292	542	223	9	2244	2781	1	505	1.77e-122	422	4905	1259	50
632054	31749	50.279	537	226	10	3874	4404	1	502	4.02e-114	397	4905	1259	50
632054	31749	50.607	494	220	10	1703	2183	1	483	2.73e-109	382	4905	1259	50
632054	31749	55.124	283	123	1	624	906	96	374	2.70e-76	281	4905	1259	50
632054	31749	39.753	566	266	14	3601	4130	728	1254	9.21e-72	267	4905	1259	50
632054	31749	39.665	537	253	14	1452	1961	762	1254	2.14e-59	228	4905	1259	50
632054	31749	42.053	302	126	8	2225	2523	999	1254	8.47e-41	167	4905	1259	50
632054	31749	65.323	124	42	1	663	785	1131	1254	7.74e-34	144	4905	1259	50
632054	31749	44.186	86	47	1	4553	4638	983	1067	2.70e-08	60.8	4905	1259	50
632054	20670	44.565	736	349	17	2235	2951	284	979	1.76e-121	412	4905	982	51
632054	20670	42.162	740	371	16	3695	4403	94	807	4.27e-108	372	4905	982	51
632054	20670	43.455	741	352	22	1519	2213	94	813	5.43e-107	369	4905	982	51
632054	20670	55.219	297	130	2	611	906	379	673	3.82e-70	258	4905	982	51
632054	20670	44.706	85	47	0	4558	4642	260	344	2.00e-08	61.2	4905	982	51
632054	21665	40.783	792	416	19	1425	2181	138	911	1.04e-120	409	4905	959	49
632054	21665	39.103	803	432	17	3603	4374	137	913	1.13e-119	406	4905	959	49
632054	21665	42.535	576	291	11	2222	2783	393	942	1.48e-104	361	4905	959	49
632054	21665	49.844	321	151	5	594	906	490	808	8.84e-70	257	4905	959	49
632054	20675	52.734	512	228	9	3225	3731	145	647	4.18e-120	397	4905	665	20
632054	20675	56.209	459	186	6	1100	1555	201	647	1.35e-116	387	4905	665	20
632054	30973	41.761	795	397	17	3605	4369	589	1347	1.46e-106	382	4905	1772	47
632054	30973	44.082	735	336	22	1490	2179	644	1348	6.00e-106	380	4905	1772	47
632054	30973	45.150	567	257	13	2225	2779	850	1374	1.95e-93	340	4905	1772	47
632054	30973	55.031	318	129	6	595	906	932	1241	1.08e-71	269	4905	1772	47
632054	30973	52.290	262	101	5	2416	2673	1	242	5.59e-51	201	4905	1772	47
632054	30973	51.145	262	103	7	1854	2110	1	242	2.76e-48	192	4905	1772	47
632054	30973	53.712	229	87	3	678	906	1	210	2.93e-48	192	4905	1772	47
632054	30973	50.000	270	106	6	4023	4291	1	242	7.78e-48	191	4905	1772	47
632054	30973	47.872	94	49	0	1490	1583	1676	1769	9.57e-14	79.0	4905	1772	47
632054	30973	34.194	155	96	2	3605	3759	1621	1769	4.05e-08	60.1	4905	1772	47
632054	31750	38.808	822	409	23	2811	3579	340	1120	1.44e-82	303	4905	1553	39
632054	31750	57.994	319	122	5	1101	1408	814	1131	1.06e-71	268	4905	1553	39
632054	31750	46.947	262	112	10	1984	2227	1	253	2.84e-28	126	4905	1553	39
632054	31750	43.033	244	123	5	2546	2779	1	238	4.20e-27	122	4905	1553	39
632054	31750	41.176	238	129	4	4153	4388	1	229	2.64e-25	116	4905	1553	39
632054	31750	57.282	103	41	2	808	908	1	102	5.35e-16	86.3	4905	1553	39
632054	22583	58.485	330	128	5	2457	2779	513	840	3.33e-79	289	4905	1185	32
632054	22583	56.061	330	120	9	1895	2205	513	836	1.84e-69	259	4905	1185	32
632054	22583	54.341	311	136	2	4064	4374	513	817	8.87e-66	247	4905	1185	32
632054	22583	62.051	195	71	1	719	910	513	707	1.41e-50	199	4905	1185	32
632054	22583	43.165	139	75	2	1670	1806	356	492	2.01e-16	87.4	4905	1185	32
632054	22583	49.612	129	61	2	3850	3975	365	492	2.65e-15	84.0	4905	1185	32
632054	22583	39.869	153	69	4	2217	2368	362	492	9.25e-13	75.5	4905	1185	32
632054	12251	56.746	252	104	3	2358	2606	1	250	5.84e-79	263	4905	270	20
632054	12251	57.661	248	100	3	1800	2044	5	250	1.35e-78	262	4905	270	20
632054	12251	56.107	262	97	3	3965	4220	1	250	3.65e-78	261	4905	270	20
632054	12251	58.065	248	98	3	623	867	6	250	1.21e-77	259	4905	270	20
632068	20676	48.547	2546	1150	63	3902	6391	5	2446	0.0	1579	12937	4013	75
632068	20676	48.239	2641	1190	70	2302	4881	5	2529	0.0	1570	12937	4013	75
632068	20676	47.314	2513	1154	69	829	3281	127	2529	0.0	1453	12937	4013	75
632068	20676	53.057	1374	591	28	1833	3179	2627	3973	0.0	1006	12937	4013	75
632068	20676	53.057	1374	591	28	3433	4779	2627	3973	0.0	1004	12937	4013	75
632068	20676	50.761	1379	627	28	5033	6384	2627	3980	0.0	984	12937	4013	75
632068	20676	48.272	810	381	13	10404	11200	2983	3767	7.29e-157	554	12937	4013	75
632068	20676	47.955	807	382	11	7371	8163	2983	3765	4.71e-154	545	12937	4013	75
632068	20676	42.250	1058	532	30	8397	9425	1439	2446	1.09e-144	513	12937	4013	75
632068	20676	45.556	810	397	12	7371	8163	1440	2222	1.61e-143	509	12937	4013	75
632068	20676	42.462	1048	528	27	8397	9418	2982	3980	8.10e-142	504	12937	4013	75
632068	20676	45.567	812	400	13	10404	11200	1440	2224	1.11e-141	503	12937	4013	75
632068	20676	49.869	764	353	19	829	1579	3227	3973	1.91e-138	493	12937	4013	75
632068	20676	48.680	682	297	10	10529	11200	8	646	3.09e-131	469	12937	4013	75
632068	20676	48.306	679	298	9	7496	8163	8	644	1.27e-128	460	12937	4013	75
632068	20676	42.503	927	448	24	8521	9425	5	868	5.02e-125	448	12937	4013	75
632068	20676	43.165	417	203	11	11327	11737	1019	1407	2.10e-61	238	12937	4013	75
632068	20676	45.538	325	167	5	9696	10017	2633	2950	2.61e-60	234	12937	4013	75
632068	20676	45.538	325	167	5	11416	11737	2633	2950	2.61e-60	234	12937	4013	75
632068	20676	42.344	418	206	12	6573	6984	1019	1407	1.12e-57	226	12937	4013	75
632068	20676	44.479	326	170	6	6662	6984	2633	2950	1.39e-56	222	12937	4013	75
632068	20676	41.429	350	192	7	12124	12464	2983	3328	4.27e-41	171	12937	4013	75
632068	20676	41.720	314	172	6	12124	12430	1440	1749	5.28e-38	160	12937	4013	75
632068	20676	41.071	224	121	5	12249	12464	8	228	4.69e-20	101	12937	4013	75
632068	31749	44.183	1315	640	27	7657	8940	1	1252	0.0	793	12937	1259	46
632068	31749	49.732	559	259	8	10690	11237	1	548	1.05e-126	436	12937	1259	46
632068	31749	47.932	532	251	8	4050	4579	1	508	3.52e-113	395	12937	1259	46
632068	31749	47.932	532	251	8	2450	2979	1	508	7.49e-113	395	12937	1259	46
632068	31749	47.992	523	253	8	5643	6164	1	505	8.60e-113	394	12937	1259	46
632068	31749	44.526	548	245	15	851	1379	1	508	9.32e-99	352	12937	1259	46
632068	31749	42.938	531	263	12	8682	9198	1	505	1.75e-90	327	12937	1259	46
632068	31749	38.801	567	268	18	2183	2713	728	1251	1.37e-56	220	12937	1259	46
632068	31749	38.801	567	268	18	3783	4313	728	1251	1.86e-56	219	12937	1259	46
632068	31749	36.572	566	272	19	5383	5902	728	1252	3.76e-53	209	12937	1259	46
632068	31749	36.460	565	306	13	10398	10946	725	1252	3.30e-52	206	12937	1259	46
632068	31749	35.702	563	310	12	7365	7911	725	1251	2.77e-49	196	12937	1259	46
632068	31749	41.115	287	132	7	831	1113	999	1252	6.19e-37	156	12937	1259	46
632068	31749	29.700	367	205	9	12118	12447	725	1075	1.92e-11	72.4	12937	1259	46
632068	31749	70.732	41	11	1	12392	12431	2	42	2.92e-06	55.5	12937	1259	46
632068	24567	42.974	1103	517	28	8410	9432	1	1071	0.0	680	12937	1077	51
632068	24567	38.569	1076	534	32	5421	6398	25	1071	2.36e-152	507	12937	1077	51
632068	24567	38.547	1074	537	35	2221	3199	25	1070	3.80e-135	456	12937	1077	51
632068	24567	38.569	1076	534	36	3821	4799	25	1070	5.81e-135	456	12937	1077	51
632068	24567	38.725	816	441	18	7380	8164	4	791	9.09e-120	411	12937	1077	51
632068	24567	38.678	817	444	18	10413	11200	4	792	7.31e-119	408	12937	1077	51
632068	24567	39.358	841	421	23	831	1599	247	1070	7.90e-117	402	12937	1077	51
632068	24567	31.366	322	184	6	12134	12434	5	310	3.23e-21	104	12937	1077	51
632068	20670	47.705	1002	466	23	8392	9374	20	982	0.0	639	12937	982	48
632068	20670	40.546	915	477	23	5467	6340	94	982	2.39e-132	445	12937	982	48
632068	20670	41.372	904	482	23	2267	3141	94	978	4.31e-121	412	12937	982	48
632068	20670	41.372	904	482	23	3867	4741	94	978	9.60e-121	411	12937	982	48
632068	20670	42.029	759	364	22	818	1541	261	978	8.33e-112	385	12937	982	48
632068	20670	39.518	830	437	16	10398	11200	20	811	1.13e-103	360	12937	982	48
632068	20670	39.110	831	433	18	7365	8163	20	809	2.88e-98	344	12937	982	48
632068	20670	28.235	255	140	7	12210	12434	94	335	1.01e-07	60.1	12937	982	48
632068	21665	45.079	945	467	23	8301	9221	41	957	0.0	603	12937	959	44
632068	21665	40.000	850	430	28	5387	6187	139	957	1.96e-121	412	12937	959	44
632068	21665	38.949	837	450	20	10405	11208	139	947	2.86e-121	412	12937	959	44
632068	21665	38.379	839	451	21	7372	8173	139	948	5.11e-120	408	12937	959	44
632068	21665	40.433	831	416	27	2187	2971	139	936	5.76e-113	387	12937	959	44
632068	21665	40.433	831	416	27	3787	4571	139	936	1.70e-112	386	12937	959	44
632068	21665	41.636	550	302	10	831	1371	397	936	3.49e-91	323	12937	959	44
632068	21665	31.325	332	196	8	12125	12434	139	460	1.86e-22	108	12937	959	44
632068	30973	40.798	1103	584	27	8128	9196	307	1374	1.43e-158	544	12937	1772	42
632068	30973	36.697	1229	687	28	7371	8552	588	1772	1.06e-134	471	12937	1772	42
632068	30973	39.302	860	452	23	10404	11232	588	1408	4.59e-104	375	12937	1772	42
632068	30973	38.896	815	432	19	5386	6162	588	1374	1.78e-98	357	12937	1772	42
632068	30973	41.231	536	268	14	831	1351	850	1353	5.28e-77	288	12937	1772	42
632068	30973	43.045	532	268	13	4029	4551	848	1353	1.77e-75	283	12937	1772	42
632068	30973	42.857	532	269	13	2429	2951	848	1353	6.61e-75	281	12937	1772	42
632068	30973	50.769	260	106	5	10841	11097	1	241	1.64e-50	201	12937	1772	42
632068	30973	47.955	269	107	5	5797	6059	1	242	1.31e-43	178	12937	1772	42
632068	30973	47.510	261	117	5	2609	2868	1	242	5.19e-43	176	12937	1772	42
632068	30973	47.510	261	117	5	4209	4468	1	242	7.45e-43	176	12937	1772	42
632068	30973	45.833	264	120	6	1006	1268	1	242	2.79e-42	174	12937	1772	42
632068	30973	38.000	150	88	2	2186	2330	1620	1769	2.39e-09	65.9	12937	1772	42
632068	30973	38.000	150	88	2	3786	3930	1620	1769	2.39e-09	65.9	12937	1772	42
632068	30973	38.000	150	88	2	5386	5530	1620	1769	3.37e-09	65.1	12937	1772	42
632068	30973	36.242	149	86	2	12124	12268	588	731	4.26e-09	65.1	12937	1772	42
632068	20675	54.947	475	203	8	1837	2302	175	647	1.31e-116	389	12937	665	22
632068	20675	54.737	475	204	8	3437	3902	175	647	4.41e-116	387	12937	665	22
632068	20675	54.737	475	204	8	5037	5502	175	647	5.34e-116	387	12937	665	22
632068	20675	46.626	326	162	7	9696	10017	175	492	3.40e-63	232	12937	665	22
632068	20675	46.626	326	162	7	11416	11737	175	492	3.40e-63	232	12937	665	22
632068	20675	45.566	327	165	8	6662	6984	175	492	3.96e-59	220	12937	665	22
632068	20675	42.029	138	77	3	10404	10539	525	661	5.01e-14	80.5	12937	665	22
632068	20675	41.304	138	78	3	12124	12259	525	661	1.64e-13	79.0	12937	665	22
632068	20675	41.304	138	78	3	7371	7506	525	661	2.37e-13	78.2	12937	665	22
632068	20675	38.281	128	72	3	8397	8521	524	647	2.08e-06	55.5	12937	665	22
632068	31750	39.294	822	392	27	3003	3760	340	1118	5.20e-83	306	12937	1553	41
632068	31750	39.294	822	392	27	1403	2160	340	1118	1.24e-82	305	12937	1553	41
632068	31750	39.051	822	394	27	4603	5360	340	1118	1.24e-81	302	12937	1553	41
632068	31750	41.387	476	227	13	9558	10017	674	1113	2.83e-54	213	12937	1553	41
632068	31750	41.387	476	227	13	11278	11737	674	1113	2.83e-54	213	12937	1553	41
632068	31750	40.252	477	232	14	6524	6984	674	1113	1.03e-51	205	12937	1553	41
632068	31750	50.207	241	110	5	8965	9197	1	239	2.48e-39	164	12937	1553	41
632068	31750	44.223	251	122	7	10971	11207	1	247	3.54e-30	134	12937	1553	41
632068	31750	44.583	240	122	5	4339	4571	1	236	2.91e-26	121	12937	1553	41
632068	31750	44.813	241	120	6	2739	2971	1	236	3.53e-26	121	12937	1553	41
632068	31750	42.460	252	126	8	7937	8174	1	247	8.32e-26	120	12937	1553	41
632068	31750	40.909	242	135	4	5927	6163	1	239	6.75e-25	117	12937	1553	41
632068	31750	42.083	240	129	5	1138	1371	1	236	1.02e-24	116	12937	1553	41
632068	22583	38.451	736	345	20	7625	8329	357	1015	4.91e-82	300	12937	1185	25
632068	22583	53.988	326	147	2	1049	1371	513	838	8.23e-77	283	12937	1185	25
632068	22583	53.659	328	148	2	4248	4571	511	838	4.88e-75	278	12937	1185	25
632068	22583	53.354	328	149	2	2648	2971	511	838	2.94e-74	275	12937	1185	25
632068	22583	50.556	360	159	6	10882	11225	513	869	2.22e-72	270	12937	1185	25
632068	22583	50.152	329	159	4	5838	6162	513	840	2.29e-67	254	12937	1185	25
632068	22583	50.606	330	144	6	8880	9196	517	840	6.05e-58	224	12937	1185	25
632068	22583	51.095	137	65	2	10658	10793	357	492	6.47e-19	97.1	12937	1185	25
632068	22583	45.324	139	66	2	2424	2561	363	492	4.81e-18	94.4	12937	1185	25
632068	22583	45.324	139	66	2	4024	4161	363	492	4.81e-18	94.4	12937	1185	25
632068	22583	44.928	138	73	2	5611	5745	357	494	4.39e-16	87.8	12937	1185	25
632068	22583	53.247	77	32	2	12356	12430	356	430	8.72e-11	70.5	12937	1185	25
632068	12251	56.432	241	97	3	7760	7993	11	250	2.40e-75	254	12937	270	13
632068	12251	53.942	241	107	3	10793	11030	11	250	1.85e-73	248	12937	270	13
632068	12251	52.893	242	111	2	958	1198	11	250	1.12e-70	241	12937	270	13
632068	12251	52.917	240	111	2	4161	4398	11	250	3.72e-69	236	12937	270	13
632068	12251	52.917	240	111	2	2561	2798	11	250	5.69e-69	236	12937	270	13
632068	12251	50.400	250	119	1	5738	5987	6	250	7.58e-63	218	12937	270	13
632068	12251	49.213	254	123	4	8775	9026	1	250	3.36e-59	207	12937	270	13
632072	20676	50.434	2647	1128	71	3309	5903	5	2519	0.0	1726	21166	4013	86
632072	20676	47.648	2657	1185	68	1695	4287	5	2519	0.0	1650	21166	4013	86
632072	20676	45.524	2625	1271	58	11091	13654	5	2531	0.0	1628	21166	4013	86
632072	20676	50.237	2321	1015	54	6535	8814	2	2223	0.0	1581	21166	4013	86
632072	20676	44.994	2607	1297	61	15564	18130	4	2513	0.0	1568	21166	4013	86
632072	20676	43.760	2612	1310	54	9488	12045	5	2511	0.0	1521	21166	4013	86
632072	20676	43.052	2641	1348	58	13959	16548	5	2540	0.0	1502	21166	4013	86
632072	20676	46.433	2313	1109	52	17170	19443	5	2226	0.0	1453	21166	4013	86
632072	20676	54.118	1384	578	28	2835	4196	2632	3980	0.0	1065	21166	4013	86
632072	20676	49.565	1380	646	26	12201	13558	2622	3973	0.0	1024	21166	4013	86
632072	20676	47.905	1384	678	23	10604	11969	2622	3980	0.0	1003	21166	4013	86
632072	20676	46.792	1543	739	38	1142	2652	1019	2511	0.0	984	21166	4013	86
632072	20676	48.298	1381	670	26	15077	16435	2615	3973	0.0	972	21166	4013	86
632072	20676	48.678	1362	660	24	16698	18040	2632	3973	0.0	969	21166	4013	86
632072	20676	48.474	1409	665	28	1218	2599	2632	4006	0.0	965	21166	4013	86
632072	20676	52.468	1155	510	18	7679	8814	2632	3766	0.0	924	21166	4013	86
632072	20676	50.260	1154	540	19	18308	19443	2632	3769	0.0	868	21166	4013	86
632072	20676	45.912	1113	552	25	13834	14924	1434	2518	0.0	723	21166	4013	86
632072	20676	45.669	1016	517	18	13834	14833	2977	3973	0.0	683	21166	4013	86
632072	20676	45.622	1142	526	30	12688	13802	5	1078	0.0	671	21166	4013	86
632072	20676	45.252	1032	520	19	9360	10373	2976	3980	0.0	660	21166	4013	86
632072	20676	43.025	1104	589	21	9360	10448	1433	2511	0.0	642	21166	4013	86
632072	20676	47.545	774	356	22	145	896	3236	3981	4.47e-123	443	21166	4013	86
632072	20676	44.072	776	377	20	145	896	1696	2438	1.05e-110	402	21166	4013	86
632072	20676	34.050	279	158	7	20170	20444	3040	3296	2.49e-13	79.7	21166	4013	86
632072	20676	34.545	275	151	8	20170	20437	1497	1749	1.77e-11	73.6	21166	4013	86
632072	20676	48.276	58	26	1	20391	20444	139	196	7.75e-07	58.2	21166	4013	86
632072	24567	38.749	1071	549	28	6450	7441	25	1067	1.86e-156	520	21166	1077	57
632072	24567	37.418	1069	561	25	12598	13577	22	1071	1.63e-155	517	21166	1077	57
632072	24567	36.606	1090	540	22	17080	18060	22	1069	1.64e-154	514	21166	1077	57
632072	24567	38.562	1071	551	28	3221	4212	25	1067	6.86e-154	512	21166	1077	57
632072	24567	38.100	1042	539	30	1631	2586	48	1069	5.05e-153	509	21166	1077	57
632072	24567	38.583	1073	551	29	4834	5828	25	1067	1.29e-152	508	21166	1077	57
632072	24567	36.798	1068	568	24	15475	16455	22	1069	3.34e-151	504	21166	1077	57
632072	24567	36.423	1079	557	31	11001	11981	22	1069	2.06e-146	490	21166	1077	57
632072	24567	36.962	1093	545	35	9393	10385	21	1069	3.98e-143	480	21166	1077	57
632072	24567	33.987	1071	556	29	13890	14853	43	1069	6.15e-138	465	21166	1077	57
632072	24567	40.449	801	422	21	8063	8829	25	804	4.57e-131	445	21166	1077	57
632072	24567	39.875	800	407	15	18689	19442	22	793	1.57e-124	426	21166	1077	57
632072	24567	38.714	824	398	24	155	901	266	1059	8.71e-116	400	21166	1077	57
632072	20670	44.505	910	452	22	6502	7382	94	979	1.25e-152	505	21166	982	51
632072	20670	44.457	920	438	24	3273	4153	94	979	1.27e-150	499	21166	982	51
632072	20670	43.921	913	456	23	4886	5769	94	979	4.45e-147	489	21166	982	51
632072	20670	39.465	897	502	18	17134	18001	94	978	3.35e-137	460	21166	982	51
632072	20670	39.179	901	495	20	12652	13517	94	976	1.36e-136	458	21166	982	51
632072	20670	40.268	894	491	21	15529	16391	94	975	1.94e-133	449	21166	982	51
632072	20670	38.855	996	537	26	1571	2531	23	981	3.44e-131	442	21166	982	51
632072	20670	37.472	902	516	17	11055	11924	94	979	1.08e-128	435	21166	982	51
632072	20670	36.344	908	521	24	13923	14795	94	979	2.75e-121	413	21166	982	51
632072	20670	44.534	741	370	19	129	852	263	979	5.06e-118	404	21166	982	51
632072	20670	40.599	734	389	17	18743	19443	94	813	1.19e-113	391	21166	982	51
632072	20670	40.771	726	395	12	8115	8814	94	810	5.83e-111	383	21166	982	51
632072	20670	40.793	706	391	15	9630	10324	286	975	6.40e-106	368	21166	982	51
632072	20670	55.385	65	29	0	9452	9516	94	158	1.36e-09	67.0	21166	982	51
632072	31749	49.910	555	248	10	12832	13382	1	529	4.42e-131	450	21166	1259	48
632072	31749	52.865	541	210	12	18922	19446	1	512	3.89e-130	447	21166	1259	48
632072	31749	51.565	543	235	9	11235	11774	1	518	1.96e-129	445	21166	1259	48
632072	31749	50.000	534	237	11	14105	14632	1	510	8.85e-128	440	21166	1259	48
632072	31749	51.099	546	231	10	17313	17849	1	519	1.95e-126	436	21166	1259	48
632072	31749	50.746	536	240	10	15710	16241	1	516	6.12e-124	429	21166	1259	48
632072	31749	51.326	528	224	9	6690	7209	1	503	4.79e-123	426	21166	1259	48
632072	31749	50.568	528	228	9	3461	3980	1	503	8.61e-121	419	21166	1259	48
632072	31749	50.095	529	238	11	8303	8822	1	512	1.15e-120	419	21166	1259	48
632072	31749	49.136	521	242	8	1847	2362	1	503	5.23e-120	417	21166	1259	48
632072	31749	50.659	531	226	11	5074	5596	1	503	1.32e-119	416	21166	1259	48
632072	31749	46.538	520	261	5	9637	10156	1	503	3.41e-113	396	21166	1259	48
632072	31749	44.693	537	259	14	157	682	1	510	1.21e-81	300	21166	1259	48
632072	31749	36.364	561	290	15	10967	11496	728	1252	1.10e-67	256	21166	1259	48
632072	31749	36.136	559	292	12	12564	13091	728	1252	1.31e-67	256	21166	1259	48
632072	31749	35.512	566	287	15	18655	19182	728	1253	2.05e-62	239	21166	1259	48
632072	31749	35.044	565	289	15	17046	17572	728	1252	2.53e-62	239	21166	1259	48
632072	31749	35.106	564	303	13	1571	2110	728	1252	1.22e-61	237	21166	1259	48
632072	31749	36.429	560	300	13	6413	6950	728	1253	2.11e-58	226	21166	1259	48
632072	31749	34.622	569	304	14	9359	9898	724	1253	3.30e-58	226	21166	1259	48
632072	31749	36.250	560	301	13	3184	3721	728	1253	6.92e-58	225	21166	1259	48
632072	31749	35.765	562	304	13	4797	5337	728	1253	6.15e-57	222	21166	1259	48
632072	31749	35.315	555	306	14	8026	8557	728	1252	7.49e-57	221	21166	1259	48
632072	31749	33.275	571	295	17	13836	14366	728	1252	3.25e-53	210	21166	1259	48
632072	31749	43.571	280	130	4	15688	15966	1000	1252	1.48e-48	194	21166	1259	48
632072	31749	41.522	289	140	7	129	413	991	1254	3.48e-35	151	21166	1259	48
632072	31749	35.821	201	117	5	15441	15635	728	922	4.06e-15	85.5	21166	1259	48
632072	21665	39.756	820	444	22	8030	8816	139	941	4.67e-128	432	21166	959	47
632072	21665	39.493	828	428	22	18658	19439	138	938	3.88e-127	430	21166	959	47
632072	21665	38.744	844	437	22	17049	17845	138	948	6.05e-126	426	21166	959	47
632072	21665	40.122	820	439	23	1575	2362	139	938	7.59e-126	426	21166	959	47
632072	21665	39.497	795	424	17	15444	16202	138	911	7.25e-125	423	21166	959	47
632072	21665	39.975	793	429	19	12567	13329	138	913	1.93e-123	419	21166	959	47
632072	21665	40.293	819	444	19	6417	7209	139	938	3.67e-122	415	21166	959	47
632072	21665	38.078	822	453	21	10970	11756	138	938	4.04e-120	409	21166	959	47
632072	21665	40.171	819	445	19	3188	3980	139	938	9.18e-120	408	21166	959	47
632072	21665	40.073	821	446	20	4801	5596	139	938	9.99e-118	402	21166	959	47
632072	21665	37.828	838	442	25	9364	10156	135	938	1.75e-115	395	21166	959	47
632072	21665	35.274	876	495	25	13794	14626	92	938	3.54e-109	377	21166	959	47
632072	21665	41.207	580	296	17	120	675	380	938	2.78e-84	303	21166	959	47
632072	20675	53.057	507	226	8	7652	8151	146	647	1.13e-123	409	21166	665	25
632072	20675	53.057	507	226	8	6039	6538	146	647	3.10e-123	408	21166	665	25
632072	20675	52.860	507	227	8	4423	4922	146	647	3.32e-123	408	21166	665	25
632072	20675	53.113	514	225	10	2803	3309	143	647	9.14e-123	407	21166	665	25
632072	20675	47.893	522	258	10	10592	11104	145	661	1.42e-111	374	21166	665	25
632072	20675	47.893	522	258	10	12189	12701	145	661	1.50e-111	374	21166	665	25
632072	20675	48.235	510	247	10	16670	17170	146	647	3.19e-108	365	21166	665	25
632072	20675	48.431	510	244	11	18281	18779	146	647	3.89e-108	364	21166	665	25
632072	20675	49.320	515	246	9	1186	1695	143	647	7.38e-108	363	21166	665	25
632072	20675	49.000	500	238	10	15075	15565	156	647	1.43e-106	360	21166	665	25
632072	20675	51.938	129	59	2	13834	13959	519	647	6.20e-22	106	21166	665	25
632072	20675	46.212	132	66	3	9360	9488	518	647	1.56e-19	99.0	21166	665	25
632072	30973	40.148	812	429	18	18659	19439	589	1374	3.67e-114	408	21166	1772	46
632072	30973	41.469	844	423	20	6406	7209	562	1374	1.52e-113	406	21166	1772	46
632072	30973	39.643	840	435	19	8019	8813	562	1374	4.98e-112	401	21166	1772	46
632072	30973	41.232	844	425	20	3177	3980	562	1374	6.27e-112	401	21166	1772	46
632072	30973	39.334	811	437	17	17050	17830	589	1374	8.04e-110	394	21166	1772	46
632072	30973	40.518	849	427	22	4790	5596	562	1374	9.48e-109	391	21166	1772	46
632072	30973	40.228	788	417	15	15445	16203	589	1351	1.20e-105	381	21166	1772	46
632072	30973	38.171	820	439	19	10971	11756	589	1374	2.38e-105	380	21166	1772	46
632072	30973	39.697	791	415	19	12568	13326	589	1349	9.47e-105	378	21166	1772	46
632072	30973	35.597	1031	568	30	13634	14602	357	1353	6.18e-97	353	21166	1772	46
632072	30973	43.794	564	269	17	129	675	842	1374	9.65e-81	301	21166	1772	46
632072	30973	38.378	555	296	11	9618	10156	850	1374	1.21e-73	278	21166	1772	46
632072	30973	50.000	262	110	5	6844	7104	1	242	2.48e-50	201	21166	1772	46
632072	30973	48.134	268	106	6	2004	2264	1	242	6.05e-50	200	21166	1772	46
632072	30973	48.689	267	104	6	8452	8710	1	242	8.27e-50	199	21166	1772	46
632072	30973	50.000	262	110	5	3615	3875	1	242	1.00e-49	199	21166	1772	46
632072	30973	51.145	262	105	7	19076	19334	1	242	2.25e-49	198	21166	1772	46
632072	30973	48.679	265	112	6	5228	5491	1	242	6.77e-47	190	21166	1772	46
632072	30973	47.170	265	112	4	15861	16121	1	241	2.85e-46	188	21166	1772	46
632072	30973	48.507	268	110	6	307	572	1	242	8.80e-46	186	21166	1772	46
632072	30973	47.529	263	115	6	12986	13246	1	242	1.02e-45	186	21166	1772	46
632072	30973	48.106	264	112	7	11391	11651	1	242	1.07e-45	186	21166	1772	46
632072	30973	39.891	366	194	7	17467	17830	1	342	3.91e-44	181	21166	1772	46
632072	30973	44.867	263	120	6	14261	14519	1	242	3.34e-43	178	21166	1772	46
632072	30973	43.396	265	124	4	9792	10053	1	242	1.74e-41	172	21166	1772	46
632072	30973	43.448	145	73	4	9373	9516	601	737	1.76e-13	80.1	21166	1772	46
632072	30973	39.355	155	82	4	1575	1723	589	737	1.58e-11	73.6	21166	1772	46
632072	30973	39.310	145	79	4	9373	9516	1633	1769	4.51e-11	72.0	21166	1772	46
632072	30973	33.077	390	216	13	13634	13987	1389	1769	4.74e-11	72.0	21166	1772	46
632072	30973	34.615	182	92	4	6406	6566	1594	1769	1.14e-09	67.4	21166	1772	46
632072	30973	35.484	155	88	4	1575	1723	1621	1769	6.35e-09	65.1	21166	1772	46
632072	30973	32.967	182	95	4	3177	3337	1594	1769	6.97e-09	65.1	21166	1772	46
632072	30973	32.967	182	95	4	4790	4950	1594	1769	9.04e-09	64.7	21166	1772	46
632072	30973	32.967	182	95	4	8019	8179	1594	1769	9.04e-09	64.7	21166	1772	46
632072	30973	34.839	155	89	3	15445	15593	1621	1769	1.13e-08	64.3	21166	1772	46
632072	30973	33.117	154	93	3	17050	17198	1621	1769	9.14e-08	61.2	21166	1772	46
632072	30973	33.117	154	93	3	18659	18807	1621	1769	9.14e-08	61.2	21166	1772	46
632072	30973	32.903	155	92	3	10971	11119	1621	1769	7.44e-07	58.2	21166	1772	46
632072	30973	32.903	155	92	3	12568	12716	1621	1769	7.44e-07	58.2	21166	1772	46
632072	22583	58.967	329	130	4	3656	3980	513	840	8.69e-83	303	21166	1185	26
632072	22583	58.663	329	131	4	6885	7209	513	840	1.80e-81	298	21166	1185	26
632072	22583	54.878	328	143	4	17508	17830	513	840	1.88e-81	298	21166	1185	26
632072	22583	59.509	326	126	5	5275	5596	517	840	1.25e-79	293	21166	1185	26
632072	22583	54.627	335	134	7	2042	2362	510	840	5.85e-77	285	21166	1185	26
632072	22583	51.818	330	152	5	11432	11756	513	840	5.70e-76	281	21166	1185	26
632072	22583	54.030	335	135	6	19117	19439	513	840	7.18e-76	281	21166	1185	26
632072	22583	52.424	330	149	5	15902	16225	513	840	9.64e-76	281	21166	1185	26
632072	22583	51.360	331	154	5	13027	13353	513	840	1.18e-75	280	21166	1185	26
632072	22583	51.205	332	147	6	8493	8813	513	840	1.39e-70	265	21166	1185	26
632072	22583	51.316	304	142	3	14302	14600	513	815	5.44e-68	256	21166	1185	26
632072	22583	50.625	320	151	4	359	675	525	840	3.30e-61	235	21166	1185	26
632072	22583	44.512	328	178	3	9833	10156	513	840	3.12e-59	229	21166	1185	26
632072	22583	44.275	131	71	2	9612	9740	364	494	2.29e-15	86.3	21166	1185	26
632072	22583	48.872	133	62	3	8276	8404	362	492	5.77e-15	84.7	21166	1185	26
632072	22583	41.566	166	81	3	12778	12940	342	494	1.22e-14	83.6	21166	1185	26
632072	22583	53.165	79	36	1	14072	14149	356	434	5.70e-14	81.6	21166	1185	26
632072	22583	56.579	76	30	1	3434	3506	362	437	2.07e-13	79.7	21166	1185	26
632072	22583	56.579	76	30	1	6663	6735	362	437	2.07e-13	79.7	21166	1185	26
632072	22583	58.904	73	27	1	15686	15755	365	437	3.07e-13	79.3	21166	1185	26
632072	22583	47.059	102	44	2	11181	11279	342	436	3.88e-13	79.0	21166	1185	26
632072	22583	40.288	139	74	2	17284	17419	360	492	1.97e-12	76.6	21166	1185	26
632072	22583	40.288	139	74	2	18893	19028	360	492	1.97e-12	76.6	21166	1185	26
632072	22583	50.617	81	32	3	1819	1896	362	437	1.49e-10	70.5	21166	1185	26
632072	22583	48.000	75	31	2	20375	20441	360	434	1.26e-07	60.8	21166	1185	26
632072	31750	36.683	796	454	19	14659	15419	340	1120	2.70e-80	298	21166	1553	40
632072	31750	44.151	530	258	12	12036	12542	606	1120	2.10e-78	292	21166	1553	40
632072	31750	43.962	530	259	12	10439	10945	606	1120	9.57e-78	290	21166	1553	40
632072	31750	51.852	405	178	6	4375	4768	715	1113	1.13e-72	274	21166	1553	40
632072	31750	51.852	405	178	6	5991	6384	715	1113	1.13e-72	274	21166	1553	40
632072	31750	50.966	414	168	6	7604	7997	715	1113	2.86e-72	273	21166	1553	40
632072	31750	42.026	533	277	8	18117	18633	604	1120	4.24e-72	272	21166	1553	40
632072	31750	44.341	539	247	14	2641	3155	604	1113	1.61e-69	264	21166	1553	40
632072	31750	41.281	562	289	14	16483	17024	580	1120	3.40e-69	263	21166	1553	40
632072	31750	42.857	553	265	16	1029	1557	606	1131	3.96e-65	249	21166	1553	40
632072	31750	47.131	244	111	7	8582	8813	1	238	5.19e-34	147	21166	1553	40
632072	31750	43.496	246	125	4	436	675	1	238	1.08e-28	130	21166	1553	40
632072	31750	43.320	247	127	7	15991	16229	1	242	1.71e-27	126	21166	1553	40
632072	31750	44.715	246	126	6	3745	3984	1	242	1.17e-26	123	21166	1553	40
632072	31750	44.715	246	126	6	5361	5600	1	242	1.17e-26	123	21166	1553	40
632072	31750	45.122	246	125	6	6974	7213	1	242	1.21e-26	123	21166	1553	40
632072	31750	41.365	249	132	6	13116	13357	1	242	5.44e-26	121	21166	1553	40
632072	31750	42.972	249	122	7	19206	19442	1	241	5.54e-26	121	21166	1553	40
632072	31750	40.164	244	132	6	11521	11756	1	238	5.45e-25	118	21166	1553	40
632072	31750	41.434	251	137	7	14391	14636	1	246	1.19e-24	117	21166	1553	40
632072	31750	26.686	341	186	7	8834	9162	326	614	1.72e-24	116	21166	1553	40
632072	31750	45.413	218	103	5	2135	2341	1	213	2.47e-24	115	21166	1553	40
632072	31750	41.129	248	130	7	17597	17834	1	242	4.09e-24	115	21166	1553	40
632072	31750	38.306	248	130	7	9922	10156	1	238	9.17e-23	110	21166	1553	40
632072	12251	57.317	246	100	3	19023	19264	6	250	1.49e-79	266	21166	270	15
632072	12251	54.733	243	103	2	11343	11581	11	250	7.81e-78	262	21166	270	15
632072	12251	53.750	240	110	1	12938	13176	11	250	9.47e-78	261	21166	270	15
632072	12251	56.846	241	100	2	6797	7034	11	250	8.39e-77	259	21166	270	15
632072	12251	52.778	252	111	3	14201	14449	4	250	8.64e-77	259	21166	270	15
632072	12251	56.017	241	102	2	3568	3805	11	250	2.25e-76	258	21166	270	15
632072	12251	54.472	246	109	2	17414	17657	6	250	4.59e-76	256	21166	270	15
632072	12251	55.187	241	105	3	1956	2194	11	250	3.04e-75	254	21166	270	15
632072	12251	52.653	245	114	2	8399	8641	6	250	9.42e-75	253	21166	270	15
632072	12251	55.738	244	101	4	5181	5421	11	250	6.03e-73	248	21166	270	15
632072	12251	52.245	245	116	1	15808	16051	6	250	2.24e-72	246	21166	270	15
632072	12251	50.397	252	120	2	9731	9982	4	250	6.02e-65	225	21166	270	15
632072	12251	48.800	250	119	5	255	498	4	250	1.37e-56	201	21166	270	15
632082	20676	48.207	2649	1183	67	2228	4829	5	2511	0.0	1684	7319	4013	78
632082	20676	48.072	2542	1143	66	735	3227	124	2537	0.0	1592	7319	4013	78
632082	20676	46.820	2343	1084	53	3853	6154	5	2226	0.0	1487	7319	4013	78
632082	20676	52.134	1406	624	27	1732	3122	2609	3980	0.0	1056	7319	4013	78
632082	20676	51.498	1402	627	26	3357	4742	2609	3973	0.0	1049	7319	4013	78
632082	20676	50.301	1163	535	19	5010	6154	2632	3769	0.0	887	7319	4013	78
632082	20676	50.129	774	358	19	735	1497	3224	3980	3.96e-151	534	7319	4013	78
632082	20676	35.974	303	163	7	6394	6686	2988	3269	8.21e-23	109	7319	4013	78
632082	20676	35.621	306	163	8	6394	6686	1445	1729	3.03e-21	104	7319	4013	78
632082	31749	42.186	1107	540	28	5622	6690	1	1045	2.96e-168	558	7319	1259	46
632082	31749	51.028	535	226	10	2371	2901	1	503	1.36e-122	423	7319	1259	46
632082	31749	51.028	535	226	10	3996	4526	1	503	1.36e-122	423	7319	1259	46
632082	31749	48.467	522	246	9	759	1276	1	503	2.64e-116	404	7319	1259	46
632082	31749	34.441	572	296	12	5357	5894	728	1254	3.82e-61	234	7319	1259	46
632082	31749	36.381	514	248	11	2163	2643	787	1254	1.13e-55	216	7319	1259	46
632082	31749	36.381	514	248	11	3788	4268	787	1254	1.13e-55	216	7319	1259	46
632082	31749	38.519	270	137	5	749	1016	1010	1252	2.07e-34	147	7319	1259	46
632082	24567	39.067	1093	526	33	2137	3136	26	1071	7.43e-159	525	7319	1077	52
632082	24567	37.798	1090	543	32	3762	4762	26	1069	1.62e-150	501	7319	1077	52
632082	24567	40.428	841	398	26	749	1511	256	1071	3.67e-126	429	7319	1077	52
632082	24567	39.326	801	419	20	5391	6153	22	793	6.29e-125	425	7319	1077	52
632082	24567	34.448	299	179	8	6401	6689	1	292	4.47e-29	129	7319	1077	52
632082	30973	38.505	1231	665	29	5361	6547	589	1771	1.77e-146	506	7319	1772	42
632082	30973	42.027	740	368	15	2163	2875	644	1349	1.78e-103	372	7319	1772	42
632082	30973	42.027	740	368	15	3788	4500	644	1349	1.78e-103	372	7319	1772	42
632082	30973	46.960	477	230	9	784	1250	886	1349	5.05e-87	320	7319	1772	42
632082	30973	49.624	266	105	6	910	1170	1	242	3.97e-49	196	7319	1772	42
632082	30973	49.434	265	107	5	5786	6046	1	242	4.13e-48	192	7319	1772	42
632082	30973	49.057	265	108	5	2535	2795	1	242	3.04e-47	189	7319	1772	42
632082	30973	49.057	265	108	5	4160	4420	1	242	3.04e-47	189	7319	1772	42
632082	30973	39.362	94	57	0	2163	2256	1676	1769	1.22e-07	59.3	7319	1772	42
632082	30973	39.362	94	57	0	3788	3881	1676	1769	1.22e-07	59.3	7319	1772	42
632082	20670	41.765	929	455	27	2192	3077	94	979	5.14e-136	455	7319	982	47
632082	20670	40.689	929	465	25	3817	4703	94	978	1.51e-133	448	7319	982	47
632082	20670	44.650	757	379	22	710	1452	249	979	2.12e-123	418	7319	982	47
632082	20670	39.733	750	382	17	5445	6154	94	813	8.27e-106	366	7319	982	47
632082	20670	38.298	235	106	7	6483	6690	96	318	3.95e-18	93.6	7319	982	47
632082	21665	39.016	833	432	21	5361	6150	139	938	1.10e-126	427	7319	959	45
632082	21665	39.904	837	435	22	2104	2904	137	941	2.16e-125	423	7319	959	45
632082	21665	39.904	837	435	22	3729	4529	137	941	2.16e-125	423	7319	959	45
632082	21665	42.537	536	285	11	757	1279	416	941	9.33e-92	323	7319	959	45
632082	21665	36.620	355	207	9	6345	6689	96	442	9.81e-34	144	7319	959	45
632082	20675	53.953	506	224	8	1728	2228	146	647	3.35e-124	410	7319	665	22
632082	20675	53.953	506	224	8	3353	3853	146	647	3.35e-124	410	7319	665	22
632082	20675	48.521	507	248	8	4983	5481	146	647	9.01e-110	368	7319	665	22
632082	20675	38.406	138	78	3	6394	6530	530	661	1.69e-10	68.2	7319	665	22
632082	22583	49.899	495	231	11	5827	6308	513	1003	6.86e-98	347	7319	1185	28
632082	22583	58.133	332	131	7	2576	2902	513	841	5.42e-82	298	7319	1185	28
632082	22583	58.133	332	131	7	4201	4527	513	841	5.42e-82	298	7319	1185	28
632082	22583	55.937	320	134	5	963	1277	524	841	1.14e-77	285	7319	1185	28
632082	22583	39.394	198	85	6	2337	2510	357	543	5.33e-17	90.1	7319	1185	28
632082	22583	39.394	198	85	6	3962	4135	357	543	5.33e-17	90.1	7319	1185	28
632082	22583	38.144	194	87	5	5592	5761	359	543	2.29e-16	87.8	7319	1185	28
632082	22583	44.444	72	38	1	735	804	365	436	2.36e-08	61.6	7319	1185	28
632082	31750	44.802	529	265	10	1565	2080	606	1120	2.87e-82	303	7319	1553	38
632082	31750	44.802	529	265	10	3190	3705	606	1120	2.87e-82	303	7319	1553	38
632082	31750	35.810	821	444	23	4558	5335	340	1120	1.33e-77	288	7319	1553	38
632082	31750	41.473	258	135	6	5917	6164	1	252	2.25e-26	120	7319	1553	38
632082	31750	40.574	244	131	5	1041	1276	1	238	1.66e-25	118	7319	1553	38
632082	31750	41.803	244	128	5	2666	2901	1	238	6.02e-25	116	7319	1553	38
632082	31750	41.803	244	128	5	4291	4526	1	238	6.02e-25	116	7319	1553	38
632082	12251	56.126	253	99	3	5731	5977	4	250	1.86e-78	262	7319	270	13
632082	12251	55.731	253	100	3	2480	2726	4	250	5.02e-78	261	7319	270	13
632082	12251	55.731	253	100	3	4105	4351	4	250	5.02e-78	261	7319	270	13
632082	12251	54.656	247	108	3	857	1101	6	250	3.19e-76	256	7319	270	13
632088	20676	47.919	2619	1203	60	10974	13531	5	2523	0.0	1591	20900	4013	61
632088	20676	49.673	2297	1048	45	12572	14835	5	2226	0.0	1543	20900	4013	61
632088	20676	48.980	2305	1046	48	5911	8170	5	2224	0.0	1513	20900	4013	61
632088	20676	52.570	1362	615	20	12101	13444	2632	3980	0.0	1048	20900	4013	61
632088	20676	53.130	1150	515	14	13698	14835	2632	3769	0.0	916	20900	4013	61
632088	20676	53.618	1147	507	15	7038	8170	2632	3767	0.0	908	20900	4013	61
632088	20676	51.342	1118	489	26	5782	6871	1433	2523	0.0	782	20900	4013	61
632088	20676	53.275	1023	440	22	5782	6784	2976	3980	0.0	763	20900	4013	61
632088	20676	48.622	1125	509	28	10845	11934	1433	2523	0.0	672	20900	4013	61
632088	20676	50.821	1035	452	23	10845	11852	2976	3980	0.0	672	20900	4013	61
632088	20676	49.419	1032	470	21	18060	19067	2976	3979	0.0	654	20900	4013	61
632088	20676	46.422	1118	535	24	18060	19147	1433	2516	0.0	641	20900	4013	61
632088	20676	49.008	857	383	18	4758	5593	1688	2511	8.24e-164	577	20900	4013	61
632088	20676	52.073	772	341	11	4758	5519	3228	3980	2.66e-162	572	20900	4013	61
632088	20676	45.946	999	459	20	4758	5737	128	1064	2.52e-160	566	20900	4013	61
632088	20676	51.276	823	352	17	16047	16849	2976	3769	1.22e-154	547	20900	4013	61
632088	20676	50.973	822	356	17	15040	15842	2976	3769	1.35e-153	544	20900	4013	61
632088	20676	51.035	821	356	16	17054	17855	2976	3769	2.25e-153	543	20900	4013	61
632088	20676	46.272	979	460	20	18189	19147	6	938	3.23e-152	539	20900	4013	61
632088	20676	49.879	826	359	19	16047	16849	1433	2226	2.42e-147	523	20900	4013	61
632088	20676	49.757	824	362	20	17054	17855	1433	2226	1.87e-145	517	20900	4013	61
632088	20676	48.848	825	369	18	15040	15842	1433	2226	1.06e-144	514	20900	4013	61
632088	20676	54.513	565	229	7	10081	10640	3228	3769	5.94e-129	462	20900	4013	61
632088	20676	54.399	557	231	6	2407	2957	3228	3767	5.64e-126	452	20900	4013	61
632088	20676	51.489	571	234	9	10081	10640	1688	2226	2.37e-123	444	20900	4013	61
632088	20676	52.398	563	230	9	2407	2957	1688	2224	2.85e-123	443	20900	4013	61
632088	20676	52.743	565	218	8	10081	10640	128	648	2.96e-119	430	20900	4013	61
632088	20676	52.585	561	214	8	2407	2957	128	646	1.15e-117	425	20900	4013	61
632088	20676	49.273	688	291	14	16176	16849	5	648	2.52e-114	414	20900	4013	61
632088	20676	49.199	687	293	15	15169	15842	5	648	1.37e-113	411	20900	4013	61
632088	20676	49.420	690	286	16	17183	17855	5	648	2.91e-112	407	20900	4013	61
632088	20676	45.601	557	255	15	521	1044	3240	3781	7.01e-87	323	20900	4013	61
632088	20676	44.765	554	243	14	521	1044	140	660	9.95e-85	316	20900	4013	61
632088	20676	40.541	555	283	15	521	1044	1700	2238	1.16e-73	279	20900	4013	61
632088	20676	54.179	347	142	7	20214	20552	2976	3313	1.19e-71	273	20900	4013	61
632088	20676	52.841	352	144	8	20214	20558	1433	1769	4.03e-69	264	20900	4013	61
632088	20676	52.093	215	92	4	20343	20552	5	213	1.42e-37	160	20900	4013	61
632088	24567	46.667	1065	468	25	10881	11864	24	1069	0.0	722	20900	1077	50
632088	24567	46.154	1066	473	25	18096	19080	24	1069	0.0	701	20900	1077	50
632088	24567	50.765	784	352	14	15076	15840	24	792	0.0	634	20900	1077	50
632088	24567	50.765	784	352	14	16083	16847	24	792	0.0	628	20900	1077	50
632088	24567	49.936	785	356	14	17090	17853	24	792	0.0	604	20900	1077	50
632088	24567	40.166	1083	545	27	12463	13456	1	1069	3.89e-167	551	20900	1077	50
632088	24567	40.844	1043	505	26	5846	6796	47	1069	3.45e-166	548	20900	1077	50
632088	24567	42.680	806	416	20	14060	14833	1	792	2.75e-136	460	20900	1077	50
632088	24567	42.398	809	411	20	7400	8170	1	792	3.29e-136	460	20900	1077	50
632088	24567	40.531	866	387	27	4755	5531	243	1069	2.66e-124	425	20900	1077	50
632088	24567	43.523	579	273	16	2404	2957	243	792	3.09e-97	344	20900	1077	50
632088	24567	43.299	582	277	16	10078	10638	243	792	1.96e-95	339	20900	1077	50
632088	24567	39.884	687	334	23	419	1035	115	792	6.73e-92	328	20900	1077	50
632088	24567	35.452	299	163	10	20250	20533	24	307	8.75e-28	126	20900	1077	50
632088	31749	43.378	1344	612	33	10101	11387	1	1252	0.0	719	20900	1259	47
632088	31749	41.566	1328	634	34	16335	17596	1	1252	0.0	627	20900	1259	47
632088	31749	41.610	1329	632	36	15328	16589	1	1252	0.0	625	20900	1259	47
632088	31749	56.513	522	207	9	6056	6573	1	506	5.54e-138	471	20900	1259	47
632088	31749	55.278	521	213	9	12718	13233	1	506	9.45e-136	464	20900	1259	47
632088	31749	54.000	550	230	9	14315	14861	1	530	3.33e-135	462	20900	1259	47
632088	31749	55.067	523	214	10	7655	8172	1	507	3.53e-132	453	20900	1259	47
632088	31749	52.239	536	224	9	2427	2959	1	507	2.09e-127	439	20900	1259	47
632088	31749	51.220	533	231	7	4778	5308	1	506	2.66e-125	433	20900	1259	47
632088	31749	47.101	552	258	12	17342	17881	1	530	1.68e-101	361	20900	1259	47
632088	31749	46.845	523	249	9	11133	11643	1	506	8.16e-98	350	20900	1259	47
632088	31749	46.429	532	263	10	18347	18870	1	518	5.11e-96	344	20900	1259	47
632088	31749	42.938	531	266	16	529	1043	1	510	1.03e-79	294	20900	1259	47
632088	31749	38.530	558	281	12	14045	14573	728	1252	4.17e-69	261	20900	1259	47
632088	31749	37.814	558	285	12	12448	12976	728	1252	9.74e-69	259	20900	1259	47
632088	31749	38.351	558	282	12	7385	7913	728	1252	2.57e-68	258	20900	1259	47
632088	31749	38.824	595	291	15	5756	6318	701	1254	5.98e-62	238	20900	1259	47
632088	31749	41.901	284	123	7	10091	10373	1010	1252	2.01e-38	161	20900	1259	47
632088	31749	41.197	284	125	6	2417	2699	1010	1252	3.49e-38	160	20900	1259	47
632088	31749	40.845	284	126	6	4768	5050	1010	1252	8.42e-38	159	20900	1259	47
632088	31749	39.464	261	117	8	526	779	1017	1243	1.53e-28	129	20900	1259	47
632088	31749	34.783	368	195	11	20214	20549	725	1079	1.60e-23	112	20900	1259	47
632088	31749	73.333	45	12	0	20492	20536	1	45	1.31e-08	63.9	20900	1259	47
632088	31751	63.002	573	163	11	4288	4823	100	660	0.0	652	20900	702	14
632088	31751	62.816	554	176	8	9509	10035	110	660	0.0	647	20900	702	14
632088	31751	62.633	562	180	8	1937	2471	101	659	0.0	645	20900	702	14
632088	31751	67.111	450	119	6	3860	4293	101	537	0.0	580	20900	702	14
632088	31751	66.444	450	122	6	9072	9505	101	537	2.02e-180	575	20900	702	14
632088	31751	62.338	77	26	1	10073	10146	584	660	2.03e-17	92.4	20900	702	14
632088	31751	57.471	87	33	3	20448	20532	570	654	2.34e-13	79.0	20900	702	14
632088	31751	57.746	71	26	1	6035	6101	591	661	1.46e-12	76.6	20900	702	14
632088	31751	51.064	94	28	3	12667	12756	575	654	1.42e-10	70.1	20900	702	14
632088	31751	51.064	94	28	3	7604	7693	575	654	1.58e-10	69.7	20900	702	14
632088	31751	51.064	94	28	3	14264	14353	575	654	1.58e-10	69.7	20900	702	14
632088	20670	52.344	896	389	19	10938	11806	94	978	0.0	650	20900	982	46
632088	20670	50.168	895	411	16	18153	19022	94	978	0.0	630	20900	982	46
632088	20670	54.172	731	303	14	16140	16849	94	813	1.74e-172	563	20900	982	46
632088	20670	52.804	731	313	14	15133	15842	94	813	9.69e-171	558	20900	982	46
632088	20670	53.488	731	307	13	17147	17855	94	813	5.47e-168	550	20900	982	46
632088	20670	43.736	894	463	19	12536	13398	94	978	1.70e-147	490	20900	982	46
632088	20670	43.454	909	445	18	5875	6738	94	978	2.28e-147	490	20900	982	46
632088	20670	45.734	715	354	15	4771	5473	286	978	1.38e-123	420	20900	982	46
632088	20670	43.621	729	376	14	14133	14835	94	813	5.72e-114	392	20900	982	46
632088	20670	43.448	725	376	14	7473	8170	94	811	1.79e-112	387	20900	982	46
632088	20670	43.845	593	277	13	10069	10640	256	813	8.03e-94	332	20900	982	46
632088	20670	45.505	545	271	11	2420	2957	286	811	9.03e-91	323	20900	982	46
632088	20670	42.626	556	274	15	520	1044	284	825	2.29e-84	303	20900	982	46
632088	20670	35.537	242	138	6	20307	20533	94	332	5.35e-19	97.8	20900	982	46
632088	21665	48.416	884	406	21	14984	15838	76	938	0.0	611	20900	959	47
632088	21665	48.756	884	403	21	15991	16845	76	938	0.0	604	20900	959	47
632088	21665	49.939	819	361	20	10852	11640	139	938	0.0	599	20900	959	47
632088	21665	48.245	883	405	23	18004	18854	76	938	0.0	598	20900	959	47
632088	21665	48.073	882	411	21	16998	17851	76	938	0.0	596	20900	959	47
632088	21665	41.840	815	423	19	12452	13230	139	938	9.71e-138	461	20900	959	47
632088	21665	42.369	819	417	23	14049	14831	139	938	5.44e-136	456	20900	959	47
632088	21665	41.932	818	419	22	7389	8168	139	938	8.81e-136	455	20900	959	47
632088	21665	42.787	818	406	23	5793	6570	143	938	1.11e-135	455	20900	959	47
632088	21665	42.783	575	284	16	10078	10636	393	938	2.25e-93	330	20900	959	47
632088	21665	43.056	576	274	17	2404	2955	393	938	4.86e-93	329	20900	959	47
632088	21665	43.455	573	275	18	4755	5305	393	938	3.58e-92	326	20900	959	47
632088	21665	43.680	538	257	17	527	1033	416	938	7.29e-90	320	20900	959	47
632088	21665	35.312	337	176	12	20221	20533	139	457	1.51e-27	125	20900	959	47
632088	30973	40.975	1518	733	43	15802	17211	307	1769	7.80e-177	600	20900	1772	50
632088	30973	42.598	1324	643	34	14956	16204	488	1769	3.16e-172	586	20900	1772	50
632088	30973	43.683	1124	520	28	16809	17863	307	1386	5.93e-160	549	20900	1772	50
632088	30973	47.008	919	415	22	17976	18854	488	1374	5.22e-155	534	20900	1772	50
632088	30973	44.218	1081	507	28	10601	11620	307	1352	4.39e-154	531	20900	1772	50
632088	30973	41.889	826	421	19	14049	14843	589	1386	1.78e-110	396	20900	1772	50
632088	30973	41.995	812	413	18	7389	8168	589	1374	5.43e-109	392	20900	1772	50
632088	30973	40.602	963	493	20	5633	6549	422	1351	8.83e-108	388	20900	1772	50
632088	30973	41.307	811	419	18	12452	13230	589	1374	1.66e-107	387	20900	1772	50
632088	30973	38.541	973	501	26	10078	11002	846	1769	6.02e-99	360	20900	1772	50
632088	30973	48.260	431	198	10	623	1033	949	1374	9.38e-82	304	20900	1772	50
632088	30973	42.857	560	281	13	2404	2955	846	1374	1.69e-81	303	20900	1772	50
632088	30973	43.680	538	265	14	4755	5285	846	1352	4.58e-79	295	20900	1772	50
632088	30973	49.071	269	102	6	12871	13131	1	242	7.22e-46	186	20900	1772	50
632088	30973	48.659	261	104	7	687	936	1	242	1.87e-45	185	20900	1772	50
632088	30973	48.507	268	105	5	7808	8068	1	242	7.94e-45	183	20900	1772	50
632088	30973	46.970	264	116	5	6210	6471	1	242	2.35e-43	178	20900	1772	50
632088	30973	47.191	267	109	6	2595	2855	2	242	5.19e-43	177	20900	1772	50
632088	30973	47.191	267	109	6	4945	5205	1	241	1.51e-42	176	20900	1772	50
632088	30973	34.774	486	261	18	20085	20533	435	901	2.27e-19	99.8	20900	1772	50
632088	30973	35.161	310	171	9	20085	20371	1467	1769	9.47e-13	77.8	20900	1772	50
632088	30973	34.251	327	184	6	5633	5939	1454	1769	8.52e-10	67.8	20900	1772	50
632088	30973	35.484	155	88	4	12452	12600	1621	1769	1.95e-08	63.5	20900	1772	50
632088	30973	35.484	155	88	4	7389	7537	1621	1769	3.36e-08	62.8	20900	1772	50
632088	20675	51.085	507	235	8	12074	12572	146	647	4.02e-117	390	20900	665	11
632088	20675	50.690	507	237	8	7011	7509	146	647	4.16e-114	382	20900	665	11
632088	20675	50.493	507	238	8	13671	14169	146	647	1.74e-113	380	20900	665	11
632088	20675	60.150	133	47	4	16047	16176	518	647	1.62e-26	121	20900	665	11
632088	20675	60.150	133	47	4	17054	17183	518	647	1.62e-26	121	20900	665	11
632088	20675	57.895	133	50	3	15040	15169	518	647	4.44e-26	119	20900	665	11
632088	20675	58.647	133	49	3	10845	10974	518	647	4.60e-26	119	20900	665	11
632088	20675	60.150	133	47	4	20214	20343	518	647	6.40e-26	119	20900	665	11
632088	20675	58.955	134	47	4	5782	5911	518	647	3.46e-24	114	20900	665	11
632088	20675	57.812	128	48	4	18060	18184	518	642	8.69e-24	112	20900	665	11
632088	6850	71.053	228	62	2	4289	4513	13	239	2.84e-108	350	20900	287	7
632088	6850	72.072	222	61	1	9504	9725	19	239	4.64e-108	349	20900	287	7
632088	6850	66.800	250	72	3	1913	2162	1	239	2.80e-107	347	20900	287	7
632088	6850	70.796	226	63	2	9072	9297	17	239	7.80e-107	346	20900	287	7
632088	6850	70.796	226	63	2	3860	4085	17	239	1.88e-106	345	20900	287	7
632088	6850	55.556	63	27	1	4155	4217	224	285	4.32e-08	60.1	20900	287	7
632088	6850	53.846	65	29	1	2232	2296	224	287	4.56e-08	60.1	20900	287	7
632088	6850	53.846	65	29	1	9367	9431	224	287	4.56e-08	60.1	20900	287	7
632088	6850	53.846	65	29	1	4583	4647	224	287	1.23e-07	58.5	20900	287	7
632088	6850	52.308	65	30	1	9795	9859	224	287	3.29e-07	57.4	20900	287	7
632088	22583	61.280	328	122	4	14509	14831	513	840	2.42e-87	317	20900	1185	23
632088	22583	61.890	328	116	5	12912	13230	513	840	2.08e-86	313	20900	1185	23
632088	22583	61.890	328	117	5	7849	8168	513	840	1.99e-84	308	20900	1185	23
632088	22583	55.000	340	140	6	10302	10636	509	840	2.32e-76	283	20900	1185	23
632088	22583	56.402	328	136	5	2635	2955	513	840	2.65e-75	279	20900	1185	23
632088	22583	56.231	329	134	6	6251	6570	513	840	4.10e-75	279	20900	1185	23
632088	22583	54.573	328	141	5	4986	5305	513	840	3.77e-72	270	20900	1185	23
632088	22583	53.681	326	140	4	16529	16845	517	840	3.00e-60	232	20900	1185	23
632088	22583	53.681	326	140	4	15522	15838	517	840	2.27e-59	229	20900	1185	23
632088	22583	54.434	327	135	7	17536	17851	517	840	4.84e-59	228	20900	1185	23
632088	22583	53.659	328	134	6	11327	11640	517	840	1.41e-57	223	20900	1185	23
632088	22583	48.378	339	148	8	717	1033	507	840	3.44e-56	219	20900	1185	23
632088	22583	53.067	326	139	6	18541	18854	517	840	4.01e-56	219	20900	1185	23
632088	22583	44.586	157	75	4	6008	6157	341	492	1.66e-17	93.2	20900	1185	23
632088	22583	64.789	71	24	1	20467	20536	364	434	3.11e-15	85.9	20900	1185	23
632088	22583	44.853	136	62	3	14290	14419	364	492	2.32e-14	82.8	20900	1185	23
632088	22583	58.108	74	28	1	12693	12763	364	437	1.14e-13	80.5	20900	1185	23
632088	22583	58.108	74	28	1	7630	7700	364	437	1.31e-13	80.5	20900	1185	23
632088	22583	59.740	77	28	2	9962	10036	362	437	6.62e-13	78.2	20900	1185	23
632088	22583	59.740	77	28	2	4750	4824	362	437	7.03e-13	77.8	20900	1185	23
632088	22583	58.442	77	29	2	2399	2473	362	437	1.87e-12	76.6	20900	1185	23
632099	20676	46.700	2197	1039	45	86	2249	125	2222	0.0	1371	4283	4013	72
632099	20676	50.784	1148	529	16	1123	2249	2633	3765	0.0	873	4283	4013	72
632099	20676	48.972	778	359	16	86	854	3225	3973	3.92e-151	532	4283	4013	72
632099	20676	45.057	870	422	23	86	942	1685	2511	5.94e-145	512	4283	4013	72
632099	20676	50.300	666	292	8	1597	2249	5	644	8.72e-139	491	4283	4013	72
632099	20676	44.950	505	203	11	3326	3787	2976	3448	2.45e-78	292	4283	4013	72
632099	20676	44.196	491	203	11	3326	3775	1433	1893	3.04e-74	278	4283	4013	72
632099	20676	46.082	319	151	5	3480	3780	5	320	1.49e-46	187	4283	4013	72
632099	20676	34.503	342	197	11	2786	3122	2141	2460	1.91e-30	134	4283	4013	72
632099	20676	34.211	342	198	11	2786	3122	563	882	2.19e-29	130	4283	4013	72
632099	20676	34.405	311	179	9	2786	3092	3684	3973	2.12e-27	124	4283	4013	72
632099	20676	38.776	147	72	4	2488	2628	1442	1576	7.73e-08	59.3	4283	4013	72
632099	20676	38.889	144	73	4	2488	2628	2985	3116	1.89e-07	57.8	4283	4013	72
632099	31749	41.667	1092	551	26	1743	2808	1	1032	2.38e-159	531	4283	1259	53
632099	31749	46.429	560	250	13	109	660	1	518	2.50e-106	373	4283	1259	53
632099	31749	35.856	555	301	12	1469	1998	728	1252	1.95e-59	227	4283	1259	53
632099	31749	41.869	289	130	7	90	375	999	1252	9.27e-43	173	4283	1259	53
632099	31749	34.722	432	199	12	3408	3780	780	1187	1.30e-30	134	4283	1259	53
632099	31749	38.095	189	81	5	3626	3780	1	187	8.08e-18	92.0	4283	1259	53
632099	24567	39.203	903	427	24	52	874	209	1069	2.86e-134	452	4283	1077	59
632099	24567	41.402	756	393	16	1533	2250	48	791	9.33e-128	433	4283	1077	59
632099	24567	36.066	427	205	13	3415	3780	47	466	2.05e-44	178	4283	1077	59
632099	24567	34.913	401	174	19	2776	3116	698	1071	4.59e-36	151	4283	1077	59
632099	24567	36.918	279	140	8	2498	2770	1	249	4.02e-27	122	4283	1077	59
632099	21665	39.412	817	438	18	1473	2249	139	938	1.72e-126	426	4283	959	55
632099	21665	41.047	592	290	13	51	621	364	917	2.03e-93	328	4283	959	55
632099	21665	31.525	590	285	16	3260	3780	79	618	5.59e-41	166	4283	959	55
632099	21665	37.011	435	215	14	2390	2809	41	431	5.45e-36	150	4283	959	55
632099	21665	51.546	97	35	7	2776	2868	850	938	3.25e-10	66.6	4283	959	55
632099	30973	41.597	952	476	20	1735	2648	863	1772	1.25e-125	441	4283	1772	43
632099	30973	43.667	529	253	11	96	614	856	1349	2.45e-80	297	4283	1772	43
632099	30973	52.124	259	104	4	1893	2148	1	242	5.68e-53	207	4283	1772	43
632099	30973	50.763	262	105	6	269	527	1	241	5.99e-47	187	4283	1772	43
632099	30973	42.857	112	59	2	3673	3780	949	1059	6.82e-14	79.0	4283	1772	43
632099	30973	42.857	91	52	0	3418	3508	1679	1769	3.49e-09	63.5	4283	1772	43
632099	30973	32.550	298	155	6	3227	3517	488	746	4.40e-07	56.6	4283	1772	43
632099	20670	42.636	774	390	20	64	815	237	978	6.18e-118	401	4283	982	46
632099	20670	42.265	724	375	13	1561	2249	94	809	4.54e-114	390	4283	982	46
632099	20670	34.146	328	171	14	2746	3050	674	979	9.51e-27	120	4283	982	46
632099	20670	32.127	221	100	7	3607	3780	271	488	4.19e-15	82.8	4283	982	46
632099	20670	52.308	65	31	0	3444	3508	94	158	1.23e-08	61.6	4283	982	46
632099	20675	49.704	507	246	8	1094	1597	147	647	5.87e-112	374	4283	665	15
632099	20675	45.860	157	56	4	3326	3480	518	647	1.79e-20	99.8	4283	665	15
632099	22583	42.571	700	339	14	1934	2598	513	1184	6.21e-91	325	4283	1185	29
632099	22583	51.906	341	138	6	314	644	516	840	8.77e-67	250	4283	1185	29
632099	22583	45.000	140	72	3	1709	1845	355	492	8.87e-14	78.6	4283	1185	29
632099	22583	52.857	70	33	0	86	155	366	435	8.41e-13	75.5	4283	1185	29
632099	22583	64.815	54	19	0	3594	3647	357	410	5.08e-10	66.2	4283	1185	29
632099	12251	56.275	247	104	2	1838	2080	4	250	6.87e-78	260	4283	270	14
632099	12251	54.032	248	112	2	214	460	4	250	1.87e-73	247	4283	270	14
632099	12251	49.515	103	41	2	3684	3780	4	101	1.42e-21	97.8	4283	270	14
632099	31750	36.933	815	438	24	676	1447	339	1120	4.46e-75	279	4283	1553	32
632099	31750	44.939	247	119	8	2023	2255	1	244	3.63e-27	122	4283	1553	32
632099	31750	42.471	259	122	8	400	648	1	242	6.67e-24	112	4283	1553	32
632099	31750	39.604	101	59	2	2773	2872	142	241	9.01e-06	52.4	4283	1553	32
632232	20676	42.423	1742	886	39	2498	4216	577	2224	0.0	914	4798	4013	73
632232	20676	51.347	1151	529	17	3082	4216	2632	3767	0.0	849	4798	4013	73
632232	20676	53.465	808	344	15	1230	2021	2977	3768	1.14e-179	627	4798	4013	73
632232	20676	50.062	811	367	16	1230	2021	1434	2225	4.96e-168	588	4798	4013	73
632232	20676	52.950	678	273	14	1356	2021	4	647	1.24e-141	501	4798	4013	73
632232	20676	49.930	715	271	12	221	931	3228	3859	2.09e-138	491	4798	4013	73
632232	20676	51.190	672	288	9	3555	4216	5	646	3.45e-133	473	4798	4013	73
632232	20676	56.582	509	202	5	424	931	248	738	2.95e-123	441	4798	4013	73
632232	20676	52.581	523	226	6	413	931	1812	2316	1.81e-115	415	4798	4013	73
632232	20676	31.630	411	225	13	2498	2904	2155	2513	1.67e-26	121	4798	4013	73
632232	20676	32.797	311	174	8	2498	2808	3698	3973	1.32e-22	108	4798	4013	73
632232	20676	47.692	130	56	4	221	347	128	248	1.53e-14	81.6	4798	4013	73
632232	20676	53.846	78	33	1	221	295	1688	1765	1.45e-13	78.2	4798	4013	73
632232	20676	39.456	147	71	4	2274	2414	1442	1576	1.10e-08	62.4	4798	4013	73
632232	20676	39.583	144	72	4	2274	2414	2985	3116	2.57e-08	60.8	4798	4013	73
632232	20676	36.232	138	70	6	951	1086	2412	2533	6.08e-07	56.6	4798	4013	73
632232	20676	36.232	138	70	6	951	1086	834	955	1.07e-06	55.5	4798	4013	73
632232	31749	43.043	1078	514	25	1502	2556	1	1001	1.75e-158	529	4798	1259	56
632232	31749	47.500	600	214	11	241	836	1	503	5.08e-123	424	4798	1259	56
632232	31749	47.338	526	251	8	3698	4217	1	506	3.46e-104	367	4798	1259	56
632232	31749	38.448	567	274	15	3429	3960	726	1252	7.35e-69	258	4798	1259	56
632232	31749	61.290	124	47	1	440	562	1131	1254	5.87e-32	138	4798	1259	56
632232	31749	37.008	254	137	5	1150	1385	632	880	1.14e-15	85.1	4798	1259	56
632232	31749	46.269	67	34	1	216	280	993	1059	9.57e-08	58.9	4798	1259	56
632232	30973	37.903	1364	689	37	1150	2434	488	1772	2.36e-135	471	4798	1772	59
632232	30973	39.152	825	434	19	3435	4222	589	1382	2.33e-99	358	4798	1772	59
632232	30973	38.226	947	443	26	1657	2556	1	852	1.58e-90	330	4798	1772	59
632232	30973	40.032	617	276	13	222	836	850	1374	6.30e-81	299	4798	1772	59
632232	30973	48.921	278	105	5	455	731	1	242	1.15e-50	200	4798	1772	59
632232	30973	50.943	265	98	8	3855	4111	1	241	8.08e-47	187	4798	1772	59
632232	30973	33.548	155	91	3	3435	3583	1621	1769	1.02e-09	65.5	4798	1772	59
632232	21665	39.659	822	435	20	1236	2018	139	938	3.15e-121	410	4798	959	53
632232	21665	40.204	786	415	23	3435	4184	139	905	3.62e-112	384	4798	959	53
632232	21665	39.060	617	281	13	230	836	407	938	4.62e-90	318	4798	959	53
632232	21665	37.374	396	196	12	2176	2556	41	399	2.74e-34	145	4798	959	53
632232	24567	40.649	770	404	18	1289	2023	44	795	1.38e-120	412	4798	1077	57
632232	24567	40.609	788	415	19	3465	4216	22	792	1.51e-117	403	4798	1077	57
632232	24567	40.541	740	313	18	222	931	247	889	3.64e-113	390	4798	1077	57
632232	24567	36.559	279	141	8	2284	2556	1	249	6.46e-27	121	4798	1077	57
632232	24567	32.476	311	140	13	2571	2832	782	1071	8.74e-23	108	4798	1077	57
632232	20675	50.984	508	236	10	3055	3555	146	647	2.54e-113	377	4798	665	13
632232	20675	54.198	131	55	3	1230	1357	519	647	2.57e-24	112	4798	665	13
632232	20670	48.956	527	243	7	408	931	400	903	3.96e-107	369	4798	982	45
632232	20670	41.144	734	380	15	3519	4216	94	811	3.73e-106	367	4798	982	45
632232	20670	40.836	742	375	18	1321	2021	94	812	1.34e-103	359	4798	982	45
632232	20670	32.766	235	127	7	2532	2766	776	979	1.01e-18	94.7	4798	982	45
632232	22583	42.157	714	344	14	1698	2384	513	1184	7.46e-85	306	4798	1185	34
632232	22583	54.971	342	139	3	496	836	513	840	7.97e-82	297	4798	1185	34
632232	22583	52.744	328	146	5	3896	4214	513	840	1.53e-66	249	4798	1185	34
632232	22583	41.606	137	68	2	221	354	369	496	3.05e-14	80.1	4798	1185	34
632232	22583	52.632	76	33	1	1473	1545	360	435	9.83e-13	75.1	4798	1185	34
632232	22583	51.282	78	35	1	3669	3743	360	437	3.45e-12	73.6	4798	1185	34
632232	31750	42.533	529	273	7	2891	3404	604	1116	2.38e-75	280	4798	1553	26
632232	31750	44.403	268	124	10	1787	2040	1	257	6.51e-29	128	4798	1553	26
632232	31750	42.960	277	110	11	585	845	1	245	6.68e-29	128	4798	1553	26
632232	31750	43.033	244	119	7	3985	4214	1	238	3.74e-24	113	4798	1553	26
632232	12251	55.242	248	108	3	1602	1847	4	250	3.81e-74	249	4798	270	15
632232	12251	53.571	252	99	3	412	660	14	250	1.58e-69	236	4798	270	15
632232	12251	52.419	248	114	2	3799	4042	3	250	8.12e-68	231	4798	270	15
